customer_name,phone,source_of_booking,room_id,number_of_people,check_in,check_out,status,room_price,advance_payment,advance_paid_to,food_price,service_price,total_price,is_final_price_paid,commission,is_commission_settled,remarks,balance_to_pay,is_balance_paid,balance_paid_to
Pallavi,NO_PHONE,sangeetha,1,4,2025-07-04,2025-07-06,Confirmed,14000,,,3460,0,17460,1,1120,1,,17460,1,Anika
Rithish,9600731215,Sangeetha,1,4,2025-07-15,2025-07-16,Confirmed,7000,,,0,0,7000,1,560,1,,7000,1,Anika
Azharu Dheen,NO_PHONE,sangeetha,1,4,2025-07-05,2025-07-06,Confirmed,6500,,,1810,0,8310,1,520,1,,8310,1,Anika
Ajay Kumar pandey,NO_PHONE,walkin,2,2,2025-07-25,2025-07-26,Confirmed,4500,,,0,0,4500,1,0,1,,4500,1,karthik
Ajay Kumar pandey,NO_PHONE,walkin,4,2,2025-07-26,2025-07-27,Confirmed,3000,,,1130,0,4130,1,0,1,,4130,1,karthik
Tatikonda Vivek,NO_PHONE,sangeetha,1,5,2025-07-02,2025-07-04,Confirmed,15000,7500,Anika,930,0,15930,1,1200,1,,8430,1,Anika
Parthasarathi,NO_PHONE,rk,4,3,2025-07-04,2025-07-06,Confirmed,9000,4500,Anika,3080,0,12080,1,0,1,,7580,1,Anika
Khader Zaheer,NO_PHONE,sangeetha,2,4,2025-07-05,2025-07-06,Confirmed,6000,3000,Anika,1380,0,7380,1,480,1,,4380,1,Anika
Azharudeen,NO_PHONE,sangeetha,1,7,2025-07-07,2025-07-08,Confirmed,9500,3000,Anika,1810,500,11810,1,760,1,,8810,1,Anika
Simeon priyan,NO_PHONE,sangeetha,1,5,2025-07-11,2025-07-12,Confirmed,7000,3750,Anika,3790,0,10790,1,560,1,,7040,1,Anika
Simeon priyan,NO_PHONE,sangeetha,2,5,2025-07-11,2025-07-12,Confirmed,7000,3750,Anika,0,0,7000,1,560,1,,3250,1,Anika
Dhilshad A C,9645669007,rootsofkodai,3,2,2025-07-11,2025-07-12,Confirmed,4000,1000,Anika,540,0,4540,1,400,1,,3540,1,Anika
Natin Duraisagar,NO_PHONE,Sangeetha,2,5,2025-07-12,2025-07-13,Confirmed,8000,2000,Anika,0,0,8000,1,640,1,"3500 rupees Gpsy to Anika, 3500 rupees cash",6000,1,Anika
Natin Duraisagar,NO_PHONE,Sangeetha,1,7,2025-07-12,2025-07-13,Confirmed,10000,3000,Anika,5750,0,15750,1,800,1,,12750,1,Anika
Natin Duraisagar,NO_PHONE,Sangeetha,3,2,2025-07-12,2025-07-13,Confirmed,4000,2000,Anika,0,0,4000,1,320,1,,2000,1,Anika
Piyush Raut,8624911960,Sangeetha,3,2,2025-07-15,2025-07-16,Confirmed,3300,1650,Anika,660,0,3960,1,560,1,,2310,1,Anika
Yogeshvaran,9600993111,Sangeetha,2,2,2025-07-15,2025-07-17,Confirmed,10000,2000,Anika,0,0,10000,1,800,1,,8000,1,Anika
Yogeshvaran,9600993111,Sangeetha,2,2,2025-07-15,2025-07-17,Confirmed,10000,5000,karthik,1830,0,11830,1,800,1,,6830,1,karthik
Rishan,9496459575,Sangeetha,1,6,2025-07-17,2025-07-18,Confirmed,10000,5000,Karthik,1810,0,11810,1,800,1,,6810,1,Karthik
Santhosh kumar Micheal,NO_PHONE,Sangeetha,2,3,2025-07-18,2025-07-20,Confirmed,12000,6000,karthik,4590,0,16590,1,960,1,,10590,1,karthik
Santhosh kumar Micheal,NO_PHONE,Sangeetha,3,2,2025-07-18,2025-07-20,Confirmed,8000,4000,karthik,0,0,8000,1,640,1,,4000,1,karthik
kousik kumar,8667320574,Sangeetha,4,2,2025-07-20,2025-07-21,Confirmed,3500,1750,karthik,420,0,3920,1,280,1,,2170,1,karthik
Pranav,8124968304,Sangeetha,2,4,2025-07-20,2025-07-21,Confirmed,7000,2000,karthik,1320,0,8320,1,560,1,,6320,1,karthik
Sendhil kumar,8098889005,Sangeetha,2,4,2025-07-22,2025-07-23,Confirmed,5000,2500,Karthik,880,0,5880,1,400,1,,3380,1,Karthik
sujeed,71558569542,Sangeetha,2,5,2025-07-24,2025-07-25,Confirmed,6500,3250,Karthik,1650,0,8150,1,520,1,,4900,1,Karthik
Vinod,NO_PHONE,Sangeetha,3,2,2025-07-24,2025-07-25,Confirmed,3000,1500,Karthik,770,0,3770,1,240,1,,2270,1,Karthik
Thirunavukkarasu,NO_PHONE,Sangeetha,3,3,2025-07-25,2025-07-26,Confirmed,4000,2000,Karthik,900,0,4900,1,320,1,,2900,1,Karthik
Thirunavukkarasu,NO_PHONE,Sangeetha,4,2,2025-07-25,2025-07-26,Confirmed,4000,2000,Karthik,0,0,4000,1,320,1,,2000,1,karthik
Satheesh kumar,8220992444,Sangeetha,1,6,2025-07-26,2025-07-27,Confirmed,9500,5000,Karthik,2400,0,11900,1,760,1,,6900,1,karthik
Madhu,NO_PHONE,Sangeetha,3,3,2025-07-26,2025-07-27,Confirmed,4000,2000,Karthik,2900,0,6900,1,320,1,,4900,1,karthik
Niyas Thennaden,NO_PHONE,Sangeetha,1,5,2025-07-28,2025-07-29,Confirmed,6500,2000,Karthik,0,0,6500,1,520,1,,4500,1,karthik
Sibin Varghese,9444984298,Balan,1,4,2025-07-31,2025-08-01,Confirmed,4200,2100,Karthik,0,0,4200,1,0,1,,2100,1,Karthik
Sibin Varghese,9444984298,Balan,2,2,2025-07-31,2025-08-01,Confirmed,4200,2100,Karthik,0,0,4200,1,0,1,,2100,1,karthik
Sibin Varghese,9444984298,Balan,3,2,2025-07-31,2025-08-01,Confirmed,4200,2100,Karthik,0,0,4200,1,0,1,,2100,1,karthik
Sibin Varghese,9444984298,Balan,4,2,2025-07-31,2025-08-01,Confirmed,4200,2100,Karthik,0,0,4200,1,0,1,,2100,1,karthik
