xxx,cusomer_id,room_id,People Count,Check-In,Check-Out,Status,Booking Date,booked_by,Room + Comm,Advance,Adv Paid To,Food,Camp Fire,"Fi"NA"l Amount","fi"NA"l paid to",Comm,is_commission_settled)
(1200,3,2,"2024-09-27","2024-09-28","confirmed","2024-09-27",5,5000,0,null,600500,6100,3400,null,null,"yes"),
(1004,2,4,"2023-10-31","2023-11-01","confirmed","2023-10-31",6,6500,3250,null,0,7480,5650,null,null,"yes"),
(1254,1,2,"2024-06-30","2024-07-01","confirmed","2024-06-30",5,8000,2000,null,0,8900,5640,null,null,"yes"),
(1160,3,2,"2024-08-06","2024-08-07","confirmed","2024-08-06",5,6500,1000,null,0,7355,5520,null,null,"yes"),
(1158,3,2,"2025-06-30","2025-07-01","confirmed","2025-06-30",5,4000,2000,null,0,4540,3320,null,null,"yes"),
(1195,2,2,"2023-02-06","2023-02-07","confirmed","2023-02-06",6,66500,2000,null,0,7000,4500,null,null,"yes"),
(1289,2,4,"2023-07-21","2023-07-22","confirmed","2023-07-21",6,6500,3000,null,1000,7960,3650,null,null,"yes"),
(1082,3,2,"2025-06-04","2025-06-05","confirmed","2025-05-19",5,3500,500,null,0,3950,3280,null,null,"yes"),
(1208,3,2,"2024-11-08","2024-11-09","confirmed","2024-11-08",5,5000,2500,null,0,5730,4400,null,null,"yes"),
(1055,3,2,"2024-08-14","2024-08-15","confirmed","2024-08-13",5,5500,2750,null,0,5850,3440,null,null,"yes"),
(1130,3,2,"2024-08-15","2024-08-16","confirmed","2024-07-22",5,5500,2750,null,0,6320,2440,null,null,"yes"),
(1139,2,3,"2024-09-14","2024-09-15","confirmed","2024-09-12",5,8000,4000,null,500,9280,3640,null,null,"yes"),
(1282,4,2,"2024-12-14","2024-12-15","confirmed","2024-12-14",5,3500,1700,null,0,4115,5280,null,null,"yes"),
(1137,1,5,"2024-07-18","2024-07-19","confirmed","2024-07-13",5,10500,5250,null,0,11050,1840,null,null,"yes"),
(1082,2,2,"2024-10-03","2024-10-04","confirmed","2024-09-19",5,7500,4000,null,0,8040,4600,null,null,"yes"),
(1044,1,4,"2024-08-16","2024-08-17","confirmed","2024-08-01",5,10000,5000,null,0,10330,2800,null,null,"yes"),
(1109,3,2,"2025-01-08","2025-01-09","confirmed","2025-01-08",5,3500,1700,null,0,3700,2280,null,null,"yes"),
(1048,2,4,"2024-08-10","2024-08-11","confirmed","2024-08-10",5,9500,5000,null,0,9640,5760,null,null,"yes"),
(1107,3,2,"2024-05-15","2024-05-16","confirmed","2024-05-15",6,5500,2500,null,0,5640,3550,null,null,"yes"),
(1079,3,2,"2024-08-17","2024-08-18","confirmed","2024-08-16",5,5500,3000,null,0,6415,2440,null,null,"yes"),
(1066,4,2,"2024-08-17","2024-08-18","confirmed","2024-08-16",5,5500,2750,null,0,6340,5440,null,null,"yes"),
(1080,2,2,"2024-11-21","2024-11-22","confirmed","2024-11-18",5,6500,4500,null,0,7310,2520,null,null,"yes"),
(1068,4,3,"2024-08-15","2024-08-16","confirmed","2024-08-10",5,6500,3250,null,0,7300,5520,null,null,"yes"),
(1162,3,2,"2024-09-07","2024-09-08","confirmed","2024-09-05",5,5000,2500,null,0,5600,4400,null,null,"yes"),
(1213,2,2,"2024-05-10","2024-05-11","confirmed","2024-05-10",6,6500,3500,null,0,7085,2650,null,null,"yes"),
(1075,2,2,"2024-06-01","2024-06-02","confirmed","2024-05-29",6,7500,3750,null,0,8040,5750,null,null,"yes"),
(1273,3,2,"2025-07-11","2025-07-12","confirmed","2025-07-11",6,4000,1000,null,0,4540,3400,null,null,"yes"),
(1256,2,2,"2023-11-19","2023-11-20","confirmed","2023-11-19",5,6750,2100,null,0,7230,5900,null,null,"yes"),
(1071,4,2,"2025-07-30","2025-07-31","confirmed","2025-07-30",5,3500,1750,null,0,3920,1280,null,null,"yes"),
(1252,2,2,"2024-12-03","2024-12-05","confirmed","2024-12-03",5,11000,2000,null,0,11990,5880,null,null,"yes"),
(1009,2,4,"2024-10-04","2024-10-06","confirmed","2024-09-29",5,10000,19400,null,0,10910,3800,null,null,"yes"),
(1174,2,2,"2023-05-13","2023-05-14","confirmed","2023-05-13",6,6500,2350,null,0,7350,3650,null,null,"yes"),
(1067,2,2,"2023-07-04","2023-07-05","confirmed","2023-07-04",6,6500,3250,null,0,7350,5650,null,null,"yes"),
(1206,2,3,"2023-10-29","2023-10-30","confirmed","2023-10-29",6,6500,3350,null,0,7230,4650,null,null,"yes"),
(1112,2,2,"2025-05-14","2025-05-15","confirmed","2025-05-14",5,5000,1000,null,0,5700,2400,null,null,"yes"),
(1196,2,2,"2023-06-12","2023-06-13","confirmed","2023-06-12",6,6500,3000,null,0,7200,2700,null,null,"yes"),
(1265,2,3,"2025-06-21","2025-06-22","confirmed","2025-06-21",5,6000,3000,null,0,6630,2480,null,null,"yes"),
(1294,3,2,"2024-08-16","2024-08-17","confirmed","2024-08-13",5,5500,2750,null,0,6120,4440,null,null,"yes"),
(1256,3,2,"2024-01-16","2024-01-17","confirmed","2024-01-06",6,5650,5990,1,7490,3,0,null,null,"no"),
(1214,1,5,"2025-08-01","2025-08-02","confirmed","2025-08-01",6,515000,0,null,0,0,0,null,54500,"yes"),
(1046,2,0,"2025-08-01","2025-08-02","confirmed","2025-08-01",6,515000,0,null,0,0,0,null,51200,"yes"),
(1287,1,5,"2025-08-02","2025-08-03","confirmed","2025-08-01",6,515000,0,null,0,0,0,null,41200,"yes"),
(1069,3,2,"2024-04-05","2024-04-07","confirmed","2024-04-05",6,16221,10045,null,0,16961,4,null,6176,"yes"),
(1154,2,3,"2025-07-18","2025-07-20","confirmed","2025-07-18",5,12000,10000,5,4590,0,16590,null,5960,"yes"),
(1047,1,4,"2024-12-23","2024-12-24","confirmed","2024-12-23",5,9000,0,null,4990,1000,14990,null,5720,"yes"),
(1035,3,2,"2024-07-21","2024-07-23","confirmed","2024-07-21",5,9000,4500,1,1040,0,10040,null,5720,"yes"),
(1161,2,2,"2023-03-06","2023-03-07","confirmed","2023-03-06",6,6500,1700,2,1760,0,8260,null,5650,"yes"),
(1078,2,2,"2023-07-11","2023-07-12","confirmed","2023-07-11",6,6500,1350,1,0,0,6850,null,5650,"yes"),
(1220,3,2,"2024-10-01","2024-10-03","confirmed","2024-09-30",5,8000,0,null,470,0,8470,null,5640,"yes"),
(1031,2,5,"2025-08-16","2025-08-17","confirmed","2025-08-16",5,8000,4000,1,0,0,8000,null,5640,"yes"),
(1050,3,4,"2025-02-22","2025-02-23","confirmed","2025-02-22",5,7500,3000,5,0,0,7500,null,5600,"yes"),
(1216,1,5,"2025-06-07","2025-06-08","confirmed","2025-06-07",5,7500,2000,4,1050,0,8550,null,5600,"yes"),
(1251,1,4,"2025-07-15","2025-07-16","confirmed","2025-07-15",5,7000,0,null,0,0,7000,null,5560,"yes"),
(1109,2,4,"2025-06-10","2025-06-11","confirmed","2025-06-10",5,7000,3500,4,3490,0,10490,null,5560,"yes"),
(1166,2,4,"2025-07-30","2025-07-31","confirmed","2025-07-30",5,7000,2000,2,1320,0,8320,null,5560,"yes"),
(1275,2,5,"2025-05-17","2025-05-18","confirmed","2025-05-17",5,7000,3500,1,0,0,7000,null,5560,"yes"),
(1119,3,2,"2025-06-06","2025-06-08","confirmed","2025-06-06",5,7000,3500,1,0,0,7000,null,5560,"yes"),
(1050,4,2,"2025-06-06","2025-06-08","confirmed","2025-06-06",5,7000,3500,1,4110,0,11110,null,5560,"yes"),
(1230,1,2,"2024-12-18","2024-12-19","confirmed","2024-12-16",5,6000,6000,4,0,0,6000,null,5480,"yes"),
(1270,2,2,"2025-07-05","2025-07-06","confirmed","2025-07-05",5,6000,3000,2,1380,0,7380,null,5480,"yes"),
(1004,3,2,"2024-10-04","2024-10-05","confirmed","2024-10-04",5,5500,0,null,0,0,5500,null,5440,"yes"),
(1253,2,3,"2024-10-19","2024-10-20","confirmed","2024-10-19",5,5500,0,null,0,0,5500,null,5440,"yes"),
(1052,4,1,"2025-08-01","2025-08-02","confirmed","2025-08-01",6,55500,0,null,0,0,0,null,5440,"yes"),
(1079,2,2,"2024-12-16","2024-12-17","confirmed","2024-12-16",5,5500,5500,5,0,0,5500,null,5440,"yes"),
(1283,2,2,"2025-01-06","2025-01-07","confirmed","2025-01-06",5,5500,2500,1,0,0,5500,null,5440,"yes"),
(1153,3,2,"2025-05-10","2025-05-11","confirmed","2025-05-10",5,5000,0,null,1060,0,6060,null,5400,"yes"),
(1134,3,2,"2024-11-26","2024-11-27","confirmed","2024-11-23",5,5000,2000,4,2120,0,7120,null,5400,"yes"),
(1268,2,2,"2025-02-09","2025-02-10","confirmed","2025-02-09",5,4500,0,null,620,0,5120,null,5360,"yes"),
(1222,3,2,"2025-03-05","2025-03-06","confirmed","2025-03-05",5,4000,0,null,0,0,4000,null,5320,"yes"),
(1270,4,2,"2024-12-04","2024-12-05","confirmed","2024-12-04",5,3500,0,null,0,0,3500,null,5280,"yes"),
(1084,4,2,"2024-12-23","2024-12-24","confirmed","2024-12-23",5,3500,1700,4,0,0,3500,null,5280,"yes"),
(1008,4,1,"2024-12-13","2024-12-14","confirmed","2024-12-13",5,3500,3500,2,0,0,3500,null,5280,"yes"),
(1295,3,2,"2024-10-10","2024-10-13","confirmed","2024-10-10",5,12000,0,null,2790,0,14790,null,4960,"yes"),
(1007,2,4,"2024-12-13","2024-12-15","confirmed","2024-12-13",5,12000,6000,4,2650,0,14650,null,4960,"yes"),
(1154,3,2,"2024-12-17","2024-12-20","confirmed","2024-12-17",5,10500,5000,1,0,0,10500,null,4840,"yes"),
(1148,3,3,"2025-04-06","2025-04-07","confirmed","2025-04-06",5,10500,5250,1,2150,0,12650,null,4840,"yes"),
(1018,2,2,"2024-10-11","2024-10-12","confirmed","2024-10-11",6,8200,4500,3,1050,0,9250,null,4820,"yes"),
(1150,2,2,"2023-05-20","2023-05-21","confirmed","2023-05-20",6,8000,2000,3,1600,0,9600,null,4800,"yes"),
(1102,1,6,"2024-11-08","2024-11-09","confirmed","2024-11-08",5,9000,0,null,1320,0,10320,null,4720,"yes"),
(1228,2,3,"2025-06-02","2025-06-03","confirmed","2025-06-02",5,8500,1000,1,2400,0,10900,null,4680,"yes"),
(1207,1,2,"2023-03-06","2023-03-07","confirmed","2023-03-06",6,6500,1700,5,0,0,6500,null,4650,"yes"),
(1074,2,5,"2025-07-12","2025-07-13","confirmed","2025-07-12",5,8000,2000,3,0,0,8000,null,4640,"yes"),
(1278,1,3,"2024-12-15","2024-12-16","cancelled","2024-12-15",5,8000,8000,1,0,0,8000,null,4640,"yes"),
(1208,3,2,"2025-03-28","2025-03-30","confirmed","2025-03-28",5,8000,4000,1,0,0,8000,null,4640,"yes"),
(1052,1,5,"2025-06-08","2025-06-09","confirmed","2025-06-08",5,7500,7500,4,1170,0,8670,null,4600,"yes"),
(1037,2,4,"2024-12-07","2024-12-08","confirmed","2024-12-07",5,7000,3500,4,0,0,7000,null,4560,"yes"),
(1230,1,4,"2025-03-29","2025-03-30","confirmed","2025-03-29",5,7000,3500,3,2010,0,9010,null,4560,"yes"),
(1275,2,4,"2025-05-19","2025-05-20","confirmed","2025-05-19",5,7000,3500,2,0,0,7000,null,4560,"yes"),
(1111,3,3,"2024-08-02","2024-08-03","confirmed","2024-08-02",6,5500,3275,4,0,0,5500,null,4550,"yes"),
(1205,1,5,"2025-07-05","2025-07-06","confirmed","2025-07-05",5,6500,0,null,1810,0,8310,null,4520,"yes"),
(1232,2,3,"2025-04-21","2025-04-22","confirmed","2025-04-21",5,6500,3250,2,1360,0,7860,null,4520,"yes"),
(1194,1,4,"2021-01-06","2021-01-07","cancelled","2021-01-06",5,6500,3500,1,0,0,6500,null,4520,"yes"),
(1253,2,4,"2025-02-13","2025-02-14","confirmed","2025-02-13",5,6500,3000,1,0,0,6500,null,4520,"yes"),
(1108,2,5,"2025-01-05","2025-01-06","confirmed","2025-01-05",5,6000,0,null,400,0,6400,null,4480,"yes"),
(1223,1,3,"2025-02-01","2025-02-02","confirmed","2025-02-01",5,6000,0,null,0,0,6000,null,4480,"yes"),
(1268,1,8,"2025-01-01","2025-01-02","confirmed","2025-01-01",5,5500,0,null,0,1000,6500,null,4440,"yes"),
(1194,3,3,"2025-01-01","2025-01-02","confirmed","2025-01-01",5,5500,0,null,0,0,5500,null,4440,"yes"),
(1023,2,2,"2024-12-22","2024-12-23","confirmed","2024-12-22",5,5500,3000,5,0,0,5500,null,4440,"yes"),
(1205,4,2,"2025-02-09","2025-02-10","confirmed","2025-02-09",5,4500,2500,1,1065,0,5565,null,4360,"yes"),
(1136,4,2,"2025-01-17","2025-01-18","confirmed","2025-01-17",5,4000,0,null,0,0,4000,null,4320,"yes"),
(1234,4,2,"2025-05-14","2025-05-15","confirmed","2025-05-14",5,4000,2000,5,0,0,4000,null,4320,"yes"),
(1292,3,2,"2024-12-03","2024-12-04","confirmed","2024-12-03",5,3500,0,null,1650,0,5150,null,4280,"yes"),
(1160,3,2,"2025-08-16","2025-08-17","confirmed","2025-08-16",5,3500,0,null,0,0,3500,null,4280,"yes"),
(1293,3,2,"2024-12-13","2024-12-14","confirmed","2024-12-13",5,3500,3500,1,0,0,3500,null,4280,"yes"),
(1217,4,2,"2025-01-18","2025-01-19","confirmed","2025-01-18",5,3000,0,null,0,0,3000,null,4240,"yes"),
(1032,3,2,"2024-12-11","2024-12-12","confirmed","2024-12-11",5,2700,0,null,550,0,3250,null,4216,"yes"),
(1219,2,2,"2024-11-19","2024-11-21","confirmed","2024-11-19",5,12000,0,null,2945,0,14945,null,3960,"yes"),
(1179,1,5,"2024-09-28","2024-09-29","confirmed","2024-09-20",5,11700,6000,3,3330,0,15030,null,3936,"yes"),
(1183,2,3,"2024-04-08","2024-04-09","confirmed","2024-03-19",6,9000,3600,3,1575,0,10575,null,3900,"yes"),
(1213,1,6,"2024-10-01","2024-10-02","confirmed","2024-09-30",5,11000,5500,1,3910,0,14910,null,3880,"yes"),
(1193,1,4,"2023-10-31","2023-11-01","confirmed","2023-10-31",5,8250,3250,3,1620,0,9870,null,3825,"yes"),
(1227,2,5,"2023-09-28","2023-09-29","confirmed","2023-09-28",5,13570,9757,null,0,14520,1,null,3813,"yes"),
(1130,2,2,"2025-07-15","2025-07-17","confirmed","2025-07-15",5,10000,5000,4,1830,0,11830,null,3800,"yes"),
(1045,3,2,"2024-07-04","2024-07-06","confirmed","2024-07-01",5,10000,5000,2,1690,0,11690,null,3800,"yes"),
(1093,1,6,"2025-05-18","2025-05-19","confirmed","2025-05-18",5,10000,5000,2,0,0,10000,null,3800,"yes"),
(1188,1,5,"2024-12-26","2024-12-27","confirmed","2024-12-26",5,9000,4500,4,0,0,9000,null,3720,"yes"),
(1147,1,4,"2024-12-30","2024-12-31","confirmed","2024-12-28",5,9000,4500,4,0,0,9000,null,3720,"yes"),
(1260,1,5,"2025-06-14","2025-06-15","confirmed","2025-06-14",5,8500,4000,4,1380,0,9880,null,3680,"yes"),
(1147,2,2,"2024-06-07","2024-06-08","confirmed","2024-06-07",6,6500,0,null,1000,0,7500,null,3650,"yes"),
(1075,2,5,"2023-09-15","2023-09-16","confirmed","2023-09-15",6,6500,2000,1,5140,0,11640,null,3650,"yes"),
(1042,2,2,"2023-11-25","2023-11-26","confirmed","2023-11-25",6,6500,2350,1,1550,0,8050,null,3650,"yes"),
(1181,3,2,"2025-07-18","2025-07-20","confirmed","2025-07-18",5,8000,0,null,0,0,8000,null,3640,"yes"),
(1013,3,4,"2024-08-21","2024-08-22","confirmed","2024-08-21",5,8000,4000,5,2370,0,10370,null,3640,"yes"),
(1118,1,4,"2025-04-05","2025-04-06","confirmed","2025-04-05",5,8000,2000,2,0,0,8000,null,3640,"yes"),
(1061,3,2,"2025-04-10","2025-04-11","confirmed","2025-04-10",5,8000,2000,1,1450,0,9450,null,3640,"yes"),
(1263,1,5,"2025-06-07","2025-06-08","confirmed","2025-06-07",5,7500,2000,1,1050,0,8550,null,3600,"yes"),
(1188,2,5,"2024-07-29","2024-07-30","confirmed","2024-07-29",5,7000,0,null,1320,0,8320,null,3560,"yes"),
(1285,3,2,"2025-05-17","2025-05-18","confirmed","2025-05-17",5,7000,3500,4,0,0,7000,null,3560,"yes"),
(1112,2,3,"2024-07-03","2024-07-04","confirmed","2024-06-26",5,7000,3500,2,1690,0,8690,null,3560,"yes"),
(1272,4,2,"2024-11-25","2024-11-27","confirmed","2024-11-25",5,7000,3500,1,1175,0,8175,null,3560,"yes"),
(1138,2,4,"2025-06-08","2025-06-09","confirmed","2025-06-08",5,7000,3500,1,0,0,7000,null,3560,"yes"),
(1069,4,2,"2024-08-02","2024-08-03","confirmed","2024-08-02",6,5500,3275,5,0,0,5500,null,3550,"yes"),
(1059,4,2,"2024-05-15","2024-05-16","confirmed","2024-05-15",6,5500,2500,3,0,0,5500,null,3550,"yes"),
(1013,2,2,"2024-11-15","2024-11-16","confirmed","2024-11-15",5,6000,0,null,970,0,6970,null,3480,"yes"),
(1037,1,2,"2024-12-04","2024-12-05","confirmed","2024-12-04",5,6000,0,null,0,0,6000,null,3480,"yes"),
(1033,2,4,"2025-01-04","2025-01-05","confirmed","2025-01-04",5,5000,5000,3,3840,0,8840,null,3400,"yes"),
(1106,3,3,"2025-01-18","2025-01-19","confirmed","2025-01-18",5,4500,0,null,0,0,4500,null,3360,"yes"),
(1152,2,2,"2025-02-05","2025-02-06","confirmed","2025-02-05",5,4500,0,null,0,0,4500,null,3360,"yes"),
(1114,3,2,"2024-11-21","2024-11-22","confirmed","2024-11-19",5,4500,2000,3,0,0,4500,null,3360,"yes"),
(1184,3,3,"2025-02-09","2025-02-10","confirmed","2025-02-09",5,4000,0,null,0,0,4000,null,3320,"yes"),
(1122,3,2,"2025-03-22","2025-03-23","confirmed","2025-03-22",5,4000,2000,5,0,0,4000,null,3320,"yes"),
(1119,4,2,"2025-03-22","2025-03-23","confirmed","2025-03-22",5,4000,2000,1,0,0,4000,null,3320,"yes"),
(1082,3,2,"2025-04-29","2025-04-30","confirmed","2025-04-29",5,4000,4500,1,1110,0,5110,null,3320,"yes"),
(1150,3,2,"2024-12-04","2024-12-05","confirmed","2024-12-04",5,3500,2000,5,0,0,3500,null,3280,"yes"),
(1149,2,4,"2024-08-15","2024-08-16","confirmed","2024-08-15",5,3000,0,null,1390,0,4390,null,3240,"yes"),
(1201,4,1,"2024-12-25","2024-12-27","confirmed","2024-12-25",5,2000,0,null,0,0,2000,null,3160,"yes"),
(1143,1,6,"2024-07-20","2024-07-21","confirmed","2024-07-18",5,12000,6000,1,1980,0,13980,null,2960,"yes"),
(1156,2,5,"2024-08-16","2024-08-17","confirmed","2024-07-27",5,11200,15200,4,1085,0,12285,null,2896,"yes"),
(1095,2,3,"2024-12-26","2024-12-28","confirmed","2024-12-26",5,11000,4500,4,0,0,11000,null,2880,"yes"),
(1116,3,2,"2024-12-26","2024-12-27","confirmed","2024-12-26",5,11000,11000,4,0,1000,12000,null,2880,"yes"),
(1216,2,2,"2025-06-12","2025-06-13","confirmed","2025-06-12",5,10500,0,null,0,0,10500,null,2840,"yes"),
(1252,2,3,"2023-02-10","2023-02-11","confirmed","2023-01-07",6,68250,3175,5,3150,0,11400,null,2825,"yes"),
(1211,1,6,"2025-04-19","2025-04-20","confirmed","2025-04-19",5,10000,3000,5,0,0,10000,null,2800,"yes"),
(1064,2,4,"2025-05-05","2025-05-07","confirmed","2025-05-05",5,10000,3000,5,2990,0,12990,null,2800,"yes"),
(1012,2,5,"2024-07-12","2024-07-13","confirmed","2024-07-09",5,10000,5000,1,1860,0,11860,null,2800,"yes"),
(1179,1,8,"2024-06-16","2024-06-17","confirmed","2024-06-16",5,14750,5000,4,3040,0,17790,null,2790,"yes"),
(1015,2,4,"2024-10-08","2024-10-09","confirmed","2024-09-30",5,9700,5000,4,2698,0,12398,null,2776,"yes"),
(1110,1,7,"2025-07-07","2025-07-08","confirmed","2025-07-07",5,9500,3000,2,1810,500,11810,null,2760,"yes"),
(1210,3,2,"2024-12-25","2024-12-27","confirmed","2024-11-24",5,9000,2250,3,0,0,9000,null,2720,"yes"),
(1061,1,5,"2025-06-27","2025-06-28","confirmed","2025-06-27",5,8750,2500,4,0,0,8750,null,2700,"yes"),
(1194,3,2,"2024-11-18","2024-11-19","confirmed","2024-11-18",5,8500,2000,5,1935,0,10435,null,2680,"yes"),
(1003,1,2,"2025-05-05","2025-05-06","confirmed","2025-05-05",5,8500,4000,5,0,0,8500,null,2680,"yes"),
(1261,2,2,"2023-07-29","2023-07-30","confirmed","2023-07-29",5,9440,6787,null,0,10220,1,null,2653,"yes"),
(1069,2,2,"2024-02-03","2024-02-04","confirmed","2024-01-04",6,9440,6787,null,0,9915,5,null,2653,"yes"),
(1022,2,4,"2023-09-17","2023-09-18","confirmed","2023-08-25",6,9440,6787,null,0,9875,5,null,2653,"yes"),
(1003,2,2,"2024-02-04","2024-02-05","confirmed","2024-01-10",6,9440,6787,null,0,10405,1,null,2653,"yes"),
(1233,2,2,"2023-10-16","2023-10-17","confirmed","2023-10-16",6,9440,6787,null,0,10080,2,null,2653,"yes"),
(1136,2,4,"2023-10-05","2023-10-06","confirmed","2023-10-05",6,6500,2350,1,1010,0,7510,null,2650,"yes"),
(1080,2,3,"2024-07-02","2024-07-03","confirmed","2024-06-30",5,8000,4000,5,1940,1000,10940,null,2640,"yes"),
(1033,1,4,"2025-03-15","2025-03-16","confirmed","2025-03-15",5,8000,4000,5,0,0,8000,null,2640,"yes"),
(1173,2,5,"2025-03-27","2025-03-28","confirmed","2025-03-27",5,8000,4000,4,0,0,8000,null,2640,"yes"),
(1211,1,4,"2025-04-18","2025-04-19","confirmed","2025-04-18",5,8000,4000,3,1460,0,9460,null,2640,"yes"),
(1147,4,2,"2025-04-29","2025-05-01","confirmed","2025-04-29",5,8000,2000,3,2320,0,10320,null,2640,"yes"),
(1209,1,4,"2025-03-30","2025-03-31","confirmed","2025-03-30",5,8000,4000,2,0,0,8000,null,2640,"yes"),
(1260,2,4,"2025-02-02","2025-02-03","confirmed","2025-02-02",5,7000,0,null,1460,0,8460,null,2560,"yes"),
(1046,1,3,"2025-04-02","2025-04-03","confirmed","2025-04-02",5,7000,0,null,1080,0,8080,null,2560,"yes"),
(1296,1,5,"2024-12-31","2025-01-01","confirmed","2024-12-31",5,7000,7000,5,0,0,7000,null,2560,"yes"),
(1214,3,2,"2024-12-31","2025-01-01","confirmed","2024-12-31",5,7000,7000,5,0,0,7000,null,2560,"yes"),
(1164,2,2,"2024-09-07","2024-09-08","confirmed","2024-07-24",5,7000,3500,4,0,0,7000,null,2560,"yes"),
(1066,1,5,"2025-05-28","2025-05-29","cancelled","2025-05-19",5,7000,2500,3,0,0,7000,null,2560,"yes"),
(1023,2,3,"2025-03-31","2025-04-01","confirmed","2025-03-31",5,7000,3500,2,0,0,7000,null,2560,"yes"),
(1125,1,4,"2025-05-19","2025-05-20","confirmed","2025-05-19",5,7000,3500,1,5000,0,12000,null,2560,"yes"),
(1051,3,2,"2024-12-24","2024-12-25","confirmed","2024-12-24",5,6500,3250,5,0,0,6500,null,2520,"yes"),
(1029,2,4,"2024-12-24","2024-12-25","confirmed","2024-12-24",5,6500,3250,3,0,0,6500,null,2520,"yes"),
(1085,2,4,"2024-12-11","2024-12-12","confirmed","2024-12-11",5,6000,3000,3,0,0,6000,null,2480,"yes"),
(1249,2,2,"2024-12-30","2024-12-31","confirmed","2024-12-28",5,5500,1000,4,0,0,5500,null,2440,"yes"),
(1218,2,2,"2024-12-19","2024-12-20","confirmed","2024-12-19",5,5500,3000,3,0,0,5500,null,2440,"yes"),
(1243,2,2,"2025-02-08","2025-02-09","confirmed","2025-02-08",5,5500,5000,2,1380,0,6880,null,2440,"yes"),
(1174,3,3,"2025-01-04","2025-01-05","confirmed","2025-01-04",5,5000,0,null,0,0,5000,null,2400,"yes"),
(1023,4,2,"2024-12-28","2024-12-29","confirmed","2024-12-28",5,5000,2500,5,0,0,5000,null,2400,"yes"),
(1086,2,2,"2024-12-25","2024-12-26","confirmed","2024-12-25",5,5000,2000,3,0,1000,6000,null,2400,"yes"),
(1160,3,2,"2024-11-24","2024-11-25","confirmed","2024-11-24",5,4000,0,null,0,0,4000,null,2320,"yes"),
(1046,4,2,"2025-02-01","2025-02-02","confirmed","2025-02-01",5,4000,2000,5,0,0,4000,null,2320,"yes"),
(1030,3,2,"2025-07-12","2025-07-13","confirmed","2025-07-12",5,4000,2000,5,0,0,4000,null,2320,"yes"),
(1054,3,3,"2025-03-27","2025-03-28","confirmed","2025-03-27",5,4000,2000,2,0,0,4000,null,2320,"yes"),
(1010,3,2,"2025-05-14","2025-05-15","confirmed","2025-05-14",5,4000,2000,1,2870,0,6870,null,2320,"yes"),
(1180,4,2,"2025-08-16","2025-08-17","confirmed","2025-08-16",5,3500,0,null,0,0,3500,null,2280,"yes"),
(1154,4,2,"2025-06-29","2025-06-30","confirmed","2025-06-29",5,3000,0,null,0,0,3000,null,2240,"yes"),
(1158,1,4,"2022-10-24","2022-10-25","confirmed","2022-10-24",6,69900,3850,2,2050,0,11950,null,1990,"yes"),
(1220,2,4,"2024-08-02","2024-08-03","confirmed","2024-07-31",6,9900,5000,1,0,0,9900,null,1990,"yes"),
(1239,3,2,"2025-02-19","2025-02-22","confirmed","2025-02-19",5,12000,0,null,0,0,12000,null,1960,"yes"),
(1187,1,6,"2024-11-16","2024-11-17","confirmed","2024-10-03",5,12000,5000,1,0,0,12000,null,1960,"yes"),
(1295,1,6,"2025-03-14","2025-03-15","confirmed","2025-03-14",5,10000,3000,5,0,0,10000,null,1800,"yes"),
(1017,1,7,"2025-07-12","2025-07-13","confirmed","2025-07-12",5,10000,3000,5,5750,0,15750,null,1800,"yes"),
(1019,2,2,"2025-07-15","2025-07-17","confirmed","2025-07-15",5,10000,2000,4,0,0,10000,null,1800,"yes"),
(1286,1,4,"2025-05-20","2025-05-21","confirmed","2025-05-20",5,10000,5000,3,1050,0,11050,null,1800,"yes"),
(1053,1,6,"2025-07-17","2025-07-18","confirmed","2025-07-17",5,10000,5000,1,1810,0,11810,null,1800,"yes"),
(1167,4,3,"2024-12-21","2024-12-23","confirmed","2024-12-21",5,9000,0,null,0,0,9000,null,1720,"yes"),
(1101,1,5,"2025-01-04","2025-01-05","confirmed","2025-01-04",5,9000,0,null,1200,500,10700,null,1720,"yes"),
(1265,1,4,"2024-11-29","2024-11-30","confirmed","2024-11-29",5,9000,4500,4,1445,0,10445,null,1720,"yes"),
(1241,1,4,"2025-02-22","2025-02-23","confirmed","2025-02-22",5,9000,3000,4,0,0,9000,null,1720,"yes"),
(1173,2,4,"2024-11-09","2024-11-10","confirmed","2024-10-31",5,9000,4500,3,1270,1000,11270,null,1720,"yes"),
(1167,1,4,"2024-12-02","2024-12-03","confirmed","2024-12-02",5,9000,4500,3,0,0,9000,null,1720,"yes"),
(1183,2,4,"2024-10-18","2024-10-19","confirmed","2024-10-03",5,9000,4500,2,0,0,9000,null,1720,"yes"),
(1204,2,5,"2025-05-24","2025-05-25","confirmed","2025-05-18",5,9000,4500,2,1650,0,10650,null,1720,"yes"),
(1176,1,5,"2025-06-27","2025-06-28","confirmed","2025-06-27",5,8750,2500,5,1140,0,9890,null,1700,"yes"),
(1104,1,5,"2025-03-22","2025-03-23","confirmed","2025-03-22",5,8500,4000,5,0,0,8500,null,1680,"yes"),
(1184,2,2,"2023-12-29","2023-12-30","confirmed","2023-12-29",6,6500,2600,2,0,0,6500,null,1650,"yes"),
(1246,2,2,"2025-01-31","2025-02-01","confirmed","2025-01-31",5,7000,0,null,0,0,7000,null,1560,"yes"),
(1135,1,5,"2025-07-11","2025-07-12","confirmed","2025-07-11",5,7000,3750,1,3790,0,10790,null,1560,"yes"),
(1019,3,2,"2024-12-23","2024-12-24","confirmed","2024-11-30",5,5500,2750,2,0,0,5500,null,1440,"yes"),
(1247,3,3,"2024-12-29","2024-12-30","confirmed","2024-12-28",5,5500,2500,1,0,0,5500,null,1440,"yes"),
(1210,4,3,"2026-01-01","2026-01-02","confirmed","2026-01-01",5,5000,0,null,0,0,5000,null,1400,"yes"),
(1116,2,2,"2025-04-30","2025-05-01","confirmed","2025-04-30",5,5000,0,null,0,0,5000,null,1400,"yes"),
(1293,3,2,"2024-11-02","2024-11-03","confirmed","2024-10-25",6,4500,4500,5,1950,0,6450,null,1360,"yes"),
(1260,2,3,"2025-02-11","2025-02-12","confirmed","2025-02-11",5,4480,0,null,0,0,4480,null,1358,"yes"),
(1054,3,2,"2025-01-16","2025-01-18","confirmed","2025-01-16",5,4000,0,null,970,0,4970,null,1320,"yes"),
(1276,3,2,"2025-01-19","2025-01-20","confirmed","2025-01-19",5,4000,2000,5,0,0,4000,null,1320,"yes"),
(1041,3,2,"2025-02-01","2025-02-02","confirmed","2025-02-01",5,4000,2000,5,0,0,4000,null,1320,"yes"),
(1118,3,2,"2024-09-28","2024-09-29","confirmed","2024-09-28",5,4000,2000,4,0,0,4000,null,1320,"yes"),
(1167,3,2,"2025-02-15","2025-02-16","confirmed","2025-02-15",5,2500,0,null,0,0,2500,null,1200,"yes"),
(1279,1,5,"2025-07-02","2025-07-04","confirmed","2025-07-02",5,15000,7500,null,0,15930,1,null,1200,"yes"),
(1065,2,2,"2023-12-25","2023-12-26","confirmed","2023-12-25",6,11750,4825,null,0,12540,2,null,1175,"yes"),
(1131,2,5,"2023-08-18","2023-08-19","confirmed","2023-08-18",5,11750,3825,null,0,12650,3,null,1175,"yes"),
(1099,3,6,"2024-08-03","2024-08-04","confirmed","2024-08-01",5,13000,6500,null,0,13930,5,null,1040,"yes"),
(1273,2,2,"2024-01-13","2024-01-14","confirmed","2024-01-13",6,7500,2000,null,0,8395,1,null,1000,"yes"),
(1073,2,4,"2023-05-18","2023-05-19","confirmed","2023-04-06",6,10000,4000,null,0,10450,4,null,1000,"yes"),
(1055,3,2,"2025-01-10","2025-01-11","confirmed","2025-01-10",6,8000,8000,2,500,8500,5,null,1000,"yes"),
(1226,4,4,"2025-01-10","2025-01-11","confirmed","2025-01-10",6,8000,8000,1,500,8500,5,null,1000,"yes"),
(1214,3,2,"2024-04-27","2024-04-28","cancelled","2024-04-22",5,0,0,null,0,0,0,5,0,"no"),
(1121,3,2,"2024-05-05","2024-05-06","confirmed","2024-05-05",5,5000,0,null,0,0,5000,5,0,"no"),
(1055,3,2,"2024-06-16","2024-06-17","confirmed","2024-06-16",5,4500,0,null,0,0,4500,5,0,"no"),
(1106,3,2,"2024-09-10","2024-09-11","confirmed","2024-09-10",5,4000,0,null,0,0,4000,5,0,"no"),
(1241,2,4,"2025-01-17","2025-01-19","confirmed","2025-01-17",5,14000,0,null,0,0,14000,5,1120,"yes"),
(1158,1,2,"2023-07-09","2023-07-10","confirmed","2023-07-09",6,5000,0,null,0,0,5970,5,0,"no"),
(1157,3,2,"2024-02-25","2024-02-26","confirmed","2024-02-25",6,3500,0,null,360,0,3860,5,0,"no"),
(1231,3,2,"2024-06-13","2024-06-15","confirmed","2024-06-13",6,14248,0,null,2040,0,16288,5,5425,"yes"),
(1088,1,6,"2024-06-17","2024-06-18","confirmed","2024-06-17",6,7000,0,null,1410,0,8410,5,0,"no"),
(1123,1,4,"2024-09-19","2024-09-20","confirmed","2024-09-15",6,9439,0,null,1490,1000,11929,5,2100,"yes"),
(1215,3,2,"2024-11-03","2024-11-04","confirmed","2024-11-03",6,4500,0,null,960,0,5460,5,0,"no"),
(1037,3,2,"2024-12-28","2024-12-29","confirmed","2024-12-28",6,4500,0,null,0,0,4500,5,0,"no"),
(1005,2,4,"2025-02-22","2025-02-23","confirmed","2025-02-22",6,5785,0,null,0,0,5785,5,0,"no"),
(1233,4,2,"2025-04-13","2025-04-14","confirmed","2025-04-13",6,4500,0,null,600,0,5100,5,0,"no"),
(1292,4,2,"2025-05-05","2025-05-06","confirmed","2025-05-05",6,5104,0,null,700,0,5804,5,0,"no"),
(1209,4,2,"2025-05-12","2025-05-13","confirmed","2025-05-12",6,4000,0,null,0,0,4000,5,0,"no"),
(1232,4,2,"2025-05-16","2025-05-17","confirmed","2025-05-16",6,3699,0,null,610,0,4309,5,0,"no"),
(1181,4,4,"2025-05-10","2025-05-11","confirmed","2025-05-10",6,3403,0,null,690,0,4093,5,0,"no"),
(1153,1,2,"2025-06-04","2025-06-05","confirmed","2025-06-04",6,6049,0,null,0,0,6049,5,0,"no"),
(1167,3,5,"2025-05-30","2025-05-31","confirmed","2025-05-30",6,3403,0,null,480,0,3883,5,0,"no"),
(1275,4,2,"2025-05-22","2025-05-24","confirmed","2025-05-22",6,6465,0,null,0,0,6465,5,0,"no"),
(1254,2,3,"2025-05-21","2025-05-23","confirmed","2025-05-21",6,10209,0,null,0,0,10209,5,0,"no"),
(1059,2,4,"2025-06-20","2025-06-21","confirmed","2025-06-20",6,4424,0,null,0,0,4424,5,0,"no"),
(1005,4,2,"2024-11-30","2024-12-01","cancelled","2024-11-30",6,55997,0,null,0,0,0,5,0,"no"),
(1011,4,3,"2024-07-15","2024-07-16","confirmed","2024-07-15",6,56611,0,null,0,0,0,5,0,"no"),
(1115,4,1,"2024-06-29","2024-07-01","confirmed","2024-06-29",6,57765,0,null,0,0,0,5,0,"no"),
(1043,3,2,"2025-06-02","2025-06-03","confirmed","2025-06-02",6,58419,0,null,0,0,0,5,0,"no"),
(1057,2,5,"2025-05-02","2025-05-04","confirmed","2025-05-02",6,58625,0,null,0,0,0,5,0,"no"),
(1078,2,4,"2025-02-04","2025-02-05","confirmed","2025-02-04",6,65089,0,null,0,0,0,5,0,"no"),
(1041,1,3,"2025-02-02","2025-02-03","confirmed","2025-02-02",6,65112,0,null,0,0,0,5,0,"no"),
(1008,3,3,"2025-05-10","2025-05-12","confirmed","2025-05-10",6,66004,0,null,0,0,0,5,0,"no"),
(1229,3,2,"2025-04-04","2025-04-06","confirmed","2025-04-04",6,67161,0,null,0,0,0,5,0,"no"),
(1084,3,4,"2024-11-01","2024-11-02","confirmed","2024-10-24",6,67192,0,null,0,0,0,5,0,"no"),
(1059,3,2,"2025-03-30","2025-03-31","confirmed","2025-03-30",6,67518,0,null,1230,0,1230,5,0,"no"),
(1272,4,1,"2024-12-16","2024-12-17","confirmed","2024-12-16",6,67526,0,null,0,0,0,5,0,"no"),
(1243,4,5,"2025-05-11","2025-05-13","confirmed","2025-05-11",6,67901,0,null,1260,0,1260,5,0,"no"),
(1236,3,2,"2025-06-28","2025-06-29","confirmed","2025-06-28",6,68207,0,null,0,0,0,5,0,"no"),
(1065,3,2,"2025-01-25","2025-01-27","confirmed","2025-01-25",6,68736,0,null,0,0,0,5,0,"no"),
(1119,2,4,"2025-06-28","2025-06-29","confirmed","2025-06-28",6,68810,0,null,0,0,0,5,0,"no"),
(1017,4,3,"2024-08-21","2024-08-22","confirmed","2024-08-21",6,510207,0,null,0,0,0,5,0,"no"),
(1179,4,3,"2021-01-08","2021-01-09","cancelled","2021-01-08",6,511023,0,null,0,0,0,5,0,"no"),
(1087,2,4,"2025-05-25","2025-05-27","confirmed","2025-05-25",6,610209,0,null,1735,0,11944,5,0,"no"),
(1177,4,3,"2025-04-21","2025-04-22","confirmed","2025-04-21",6,610394,0,null,0,0,0,5,0,"no"),
(1240,3,2,"2025-01-20","2025-01-22","confirmed","2025-01-20",6,610557,0,null,0,0,0,5,0,"no"),
(1106,3,3,"2021-01-17","2021-01-18","cancelled","2021-01-17",6,610684,0,null,0,0,0,5,0,"no"),
(1288,3,2,"2024-10-24","2024-10-25","confirmed","2024-10-24",6,610894,0,null,0,0,0,5,0,"no"),
(1295,4,4,"2025-02-19","2025-02-20","confirmed","2025-02-19",6,611088,0,null,0,0,0,5,0,"no"),
(1223,4,2,"2025-05-23","2025-05-26","confirmed","2025-05-23",6,611768,0,null,0,0,0,5,0,"no"),
(1208,2,2,"2023-10-20","2023-10-21","confirmed","2023-10-20",5,8000,4000,5,1900,0,9900,5,0,"no"),
(1039,1,6,"2024-01-07","2024-01-09","confirmed","2024-01-07",5,22000,22000,5,0,0,22000,5,0,"no"),
(1110,1,5,"2024-02-03","2024-02-05","confirmed","2024-01-26",5,22800,11400,5,1465,0,24265,5,0,"no"),
(1230,2,2,"2024-02-27","2024-02-28","confirmed","2024-02-23",5,5000,2750,5,1190,0,6190,5,0,"no"),
(1288,1,4,"2024-03-02","2024-03-03","confirmed","2024-02-26",5,9000,2000,5,1710,0,10710,5,0,"no"),
(1012,1,5,"2024-09-10","2024-09-12","confirmed","2024-09-08",5,21000,10500,5,2640,1000,24640,5,1680,"yes"),
(1001,1,4,"2024-10-05","2024-10-07","confirmed","2024-09-30",5,29000,14500,5,4060,0,33060,5,2320,"yes"),
(1233,1,6,"2025-04-12","2025-04-14","confirmed","2025-04-12",5,24000,12000,5,6800,1000,31800,5,1920,"yes"),
(1168,4,3,"2025-04-19","2025-04-21","confirmed","2025-04-19",5,16000,4000,5,4250,0,20250,5,1280,"yes"),
(1069,1,5,"2025-05-02","2025-05-04","confirmed","2025-05-02",5,56000,20000,5,0,0,56000,5,4480,"yes"),
(1020,2,3,"2023-04-20","2023-04-22","confirmed","2023-04-20",6,16400,8200,5,1730,0,18130,5,0,"no"),
(1020,2,3,"2023-05-28","2023-05-29","confirmed","2023-05-28",6,10000,5000,5,1500,0,11500,5,1000,"yes"),
(1100,1,4,"2023-09-02","2023-09-03","confirmed","2023-09-02",6,11750,3825,5,1230,0,12980,5,1175,"yes"),
(1239,2,5,"2025-05-31","2025-06-02","confirmed","2025-05-28",6,17500,1750,5,0,0,17500,5,0,"no"),
(1070,1,4,"2022-10-26","2022-10-27","confirmed","2022-10-25",6,65888,5888,5,3470,0,9358,5,0,"no"),
(1150,1,7,"2023-01-20","2023-01-22","confirmed","2023-01-06",6,630500,11950,5,4450,2000,36950,5,0,"no"),
(1202,1,4,"2023-10-07","2023-10-08","confirmed","2023-10-07",5,10000,5000,4,3500,0,13500,5,0,"no"),
(1258,2,3,"2024-11-07","2024-11-09","confirmed","2024-11-05",5,16000,8000,4,1875,0,17875,5,1280,"yes"),
(1192,1,8,"2023-05-18","2023-05-19","confirmed","2023-05-18",6,17000,7000,4,3895,0,20895,5,1700,"yes"),
(1183,1,4,"2023-06-16","2023-06-18","confirmed","2023-06-16",6,18000,13000,4,3520,0,21520,5,1800,"yes"),
(1008,1,7,"2024-05-31","2024-06-02","confirmed","2024-05-20",6,29303,10000,4,11275,0,40578,5,0,"no"),
(1127,2,4,"2023-01-02","2023-01-03","confirmed","2022-12-23",6,68000,4000,4,1130,0,9130,5,0,"no"),
(1256,3,2,"2024-10-27","2024-10-29","confirmed","2024-10-24",5,15500,7000,3,2300,0,17800,5,1240,"yes"),
(1158,1,5,"2025-06-08","2025-06-10","confirmed","2025-06-08",5,15000,7500,3,0,0,15000,5,1200,"yes"),
(1296,1,2,"2023-07-13","2023-07-14","confirmed","2023-07-13",6,6500,6500,3,0,0,7330,5,0,"no"),
(1051,2,2,"2024-01-26","2024-01-28","cancelled","2024-01-04",6,18880,13574,3,0,0,18880,5,5306,"yes"),
(1042,1,6,"2024-03-31","2024-04-01","confirmed","2024-03-12",6,15350,6050,3,3890,0,19240,5,1950,"yes"),
(1247,2,3,"2024-10-12","2024-10-13","confirmed","2024-10-11",6,8000,4000,3,1225,0,9225,5,0,"no"),
(1023,1,5,"2025-01-02","2025-01-04","confirmed","2024-12-29",6,18000,5000,3,0,0,18000,5,1440,"yes"),
(1255,2,5,"2025-01-10","2025-01-11","confirmed","2025-01-10",6,16000,16000,3,0,0,16000,5,1000,"yes"),
(1039,1,7,"2025-04-08","2025-04-10","confirmed","2025-04-08",6,28000,5000,3,16790,0,44790,5,0,"no"),
(1088,1,5,"2023-01-14","2023-01-16","confirmed","2023-01-13",6,623500,11750,3,6190,0,29690,5,0,"no"),
(1019,1,4,"2023-08-17","2023-08-18","confirmed","2023-08-17",5,8000,1000,2,2310,0,10310,5,0,"no"),
(1124,4,3,"2024-08-24","2024-08-25","confirmed","2024-08-15",5,16000,5000,2,7340,0,23340,5,1280,"yes"),
(1038,1,4,"2025-05-23","2025-05-25","confirmed","2025-05-23",5,15000,7500,2,4600,0,19600,5,1200,"yes"),
(1194,2,3,"2023-03-30","2023-04-01","confirmed","2023-03-01",6,16400,8200,2,1280,0,17680,5,1400,"yes"),
(1045,1,5,"2023-09-30","2023-10-02","confirmed","2023-09-20",6,29066,22000,2,5700,0,34766,5,7066,"yes"),
(1100,2,4,"2023-12-22","2023-12-24","confirmed","2023-10-12",6,27140,19513,2,3510,0,30650,5,7627,"yes"),
(1262,2,4,"2024-04-14","2024-04-16","confirmed","2024-03-31",6,24573,18042,2,2810,0,27383,5,6531,"yes"),
(1180,2,5,"2023-01-21","2023-01-22","confirmed","2023-01-21",6,610000,5000,2,0,0,10000,5,0,"no"),
(1115,2,3,"2022-10-22","2022-10-25","confirmed","2022-10-22",6,616560,16560,2,2820,0,19380,5,0,"no"),
(1184,1,3,"2022-12-30","2023-01-01","confirmed","2022-11-22",6,622000,11000,2,7160,0,29160,5,0,"no"),
(1272,1,7,"2023-02-04","2023-02-06","confirmed","2023-01-26",6,630000,15000,2,4500,0,34500,5,0,"no"),
(1020,2,4,"2023-08-18","2023-08-19","confirmed","2023-08-18",5,11750,3825,1,1750,0,13500,5,1175,"yes"),
(1186,1,5,"2023-08-23","2023-08-25","confirmed","2023-08-23",5,20000,9000,1,5280,0,25280,5,0,"no"),
(1038,2,3,"2024-03-22","2024-03-24","confirmed","2024-03-13",5,16000,8000,1,3405,0,19405,5,0,"no"),
(1037,3,2,"2024-07-19","2024-07-21","confirmed","2024-07-16",5,18000,6000,1,5490,0,23490,5,1440,"yes"),
(1148,1,6,"2024-08-02","2024-08-04","confirmed","2024-07-25",5,19000,10000,1,0,0,19000,5,1520,"yes"),
(1025,1,2,"2024-09-16","2024-09-17","confirmed","2024-09-15",5,25000,12500,1,3140,1000,29140,5,2000,"yes"),
(1109,2,2,"2025-03-28","2025-03-31","confirmed","2025-03-28",5,20000,10000,1,0,0,20000,5,1600,"yes"),
(1185,1,4,"2025-04-15","2025-04-17","confirmed","2025-04-15",5,15000,7500,1,1500,0,16500,5,1200,"yes"),
(1218,2,5,"2025-07-11","2025-07-12","confirmed","2025-07-11",5,7000,3750,1,0,0,7000,5,0,"no"),
(1292,1,5,"2023-05-13","2023-05-14","confirmed","2023-05-13",6,10000,10000,1,6590,0,16590,5,0,"no"),
(1238,2,3,"2023-05-30","2023-05-31","confirmed","2023-05-30",6,7000,3500,1,1100,0,9200,5,0,"no"),
(1219,2,2,"2023-06-05","2023-06-07","confirmed","2023-06-05",6,10000,5000,1,0,0,12700,5,0,"no"),
(1251,2,5,"2023-08-25","2023-08-26","confirmed","2023-08-25",6,16500,8250,1,1795,0,18295,5,1650,"yes"),
(1169,1,7,"2023-12-29","2023-12-30","confirmed","2023-12-07",6,23010,16544,1,6395,0,29405,5,6466,"yes"),
(1013,2,5,"2024-02-18","2024-02-19","confirmed","2024-02-17",6,8500,2880,1,1740,0,10240,5,1120,"yes"),
(1207,1,6,"2022-12-11","2022-12-13","confirmed","2022-12-11",6,6260,7000,1,9000,0,35000,5,0,"no"),
(1128,2,4,"2021-01-11","2021-01-12","cancelled","2024-02-29",5,0,0,null,0,0,0,4,0,"no"),
(1253,2,3,"2024-05-26","2024-05-27","cancelled","2024-05-25",5,0,0,null,0,0,0,4,0,"no"),
(1293,2,4,"2025-07-22","2025-07-23","confirmed","2025-07-22",5,5000,0,null,880,0,5880,4,0,"no"),
(1179,1,4,"2023-04-05","2023-04-07","confirmed","2023-04-05",6,16000,0,null,0,0,21200,4,0,"no"),
(1239,3,4,"2024-02-10","2024-02-11","confirmed","2024-02-10",6,7000,0,null,1710,0,8710,4,0,"no"),
(1184,4,2,"2024-05-24","2024-05-26","confirmed","2024-05-20",6,12895,0,null,1390,0,14285,4,0,"no"),
(1197,4,2,"2024-10-12","2024-10-13","confirmed","2024-10-11",6,5552,0,null,1000,0,6552,4,0,"no"),
(1171,4,2,"2024-11-05","2024-11-06","confirmed","2024-11-05",6,4000,0,null,0,0,4000,4,0,"no"),
(1039,3,2,"2024-12-07","2024-12-08","confirmed","2024-12-07",6,4331,0,null,0,0,4331,4,0,"no"),
(1135,1,4,"2024-12-16","2024-12-17","confirmed","2024-12-16",6,8043,0,null,0,0,8043,4,0,"no"),
(1248,3,2,"2024-12-28","2024-12-30","cancelled","2024-11-17",6,0,0,null,0,0,0,4,0,"no"),
(1218,1,2,"2025-02-07","2025-02-09","confirmed","2025-02-07",6,23858,0,null,4330,1000,29188,4,0,"no"),
(1003,2,4,"2025-02-15","2025-02-16","confirmed","2025-02-15",6,5014,0,null,0,0,5014,4,0,"no"),
(1296,4,2,"2025-03-01","2025-03-03","confirmed","2025-03-01",6,8000,0,null,0,0,8000,4,0,"no"),
(1138,1,4,"2025-03-20","2025-03-21","confirmed","2025-03-20",6,5500,0,null,1880,500,7880,4,0,"no"),
(1269,3,4,"2025-05-16","2025-05-17","confirmed","2025-05-16",6,8848,0,null,0,0,8848,4,0,"no"),
(1160,3,2,"2025-04-18","2025-04-19","confirmed","2025-04-18",6,3403,0,null,900,0,4303,4,0,"no"),
(1100,4,3,"2025-05-17","2025-05-18","confirmed","2025-05-17",6,3403,0,null,680,0,4083,4,0,"no"),
(1278,4,3,"2025-05-01","2025-05-02","confirmed","2025-05-01",6,3403,0,null,620,0,4023,4,0,"no"),
(1090,2,3,"2025-05-28","2025-05-29","confirmed","2025-05-28",6,9487,0,null,0,0,9487,4,0,"no"),
(1036,3,2,"2025-05-27","2025-05-29","confirmed","2025-05-27",6,6806,0,null,1000,0,7806,4,0,"no"),
(1030,1,7,"2025-06-28","2025-06-29","confirmed","2025-06-28",6,16504,0,null,2870,0,19374,4,0,"no"),
(1088,4,2,"2025-06-27","2025-06-29","confirmed","2025-06-27",6,6125,0,null,1460,0,7585,4,0,"no"),
(1226,4,2,"2025-06-13","2025-06-14","confirmed","2025-06-13",6,3062,0,null,0,0,3062,4,0,"no"),
(1290,1,4,"2025-07-31","2025-08-01","confirmed","2025-07-31",6,16800,0,null,0,0,16800,4,0,"no"),
(1185,4,4,"2025-02-22","2025-02-23","confirmed","2025-02-22",6,55041,0,null,0,0,0,4,0,"no"),
(1292,4,2,"2024-09-16","2024-09-17","confirmed","2024-09-15",6,55697,0,null,0,0,0,4,0,"no"),
(1005,3,2,"2024-10-29","2024-10-30","confirmed","2024-10-29",6,56841,0,null,0,0,0,4,0,"no"),
(1142,3,4,"2024-09-02","2024-09-03","confirmed","2024-09-02",6,58362,0,null,0,0,0,4,0,"no"),
(1191,1,7,"2021-01-01","2021-01-02","cancelled","2024-07-31",6,58990,0,null,0,0,0,4,0,"no"),
(1273,4,4,"2024-03-17","2024-03-24","confirmed","2024-03-13",6,65000,0,null,0,0,0,4,0,"no"),
(1050,3,2,"2024-08-28","2024-08-31","confirmed","2024-07-01",6,66000,0,null,0,0,0,4,0,"no"),
(1053,3,2,"2025-06-09","2025-06-10","confirmed","2025-06-09",6,66408,0,null,0,0,0,4,0,"no"),
(1161,1,4,"2024-07-07","2024-07-08","confirmed","2024-07-07",6,67059,0,null,0,0,0,4,0,"no"),
(1198,3,2,"2025-01-13","2025-01-15","confirmed","2025-01-13",6,67482,0,null,3310,0,3310,4,0,"no"),
(1080,2,3,"2021-01-12","2021-01-13","cancelled","2024-09-06",6,67783,0,null,0,0,0,4,0,"no"),
(1016,2,5,"2025-05-15","2025-05-16","confirmed","2025-05-15",6,67887,0,null,1030,0,1030,4,0,"no"),
(1073,1,4,"2023-02-27","2023-02-28","confirmed","2023-02-27",6,68000,0,null,1940,0,9940,4,0,"no"),
(1222,4,3,"2025-04-12","2025-04-14","confirmed","2025-04-12",6,68000,0,null,0,0,0,4,0,"no"),
(1173,3,2,"2025-07-31","2025-08-01","confirmed","2025-07-31",6,68082,0,null,0,0,0,4,0,"no"),
(1192,3,1,"2024-12-16","2024-12-17","confirmed","2024-12-16",6,68325,0,null,0,0,0,4,0,"no"),
(1279,4,2,"2025-02-07","2025-02-09","confirmed","2025-02-07",6,69110,0,null,0,0,0,4,0,"no"),
(1265,4,2,"2025-04-15","2025-04-16","confirmed","2025-04-15",6,69162,0,null,0,0,0,4,0,"no"),
(1212,2,2,"2026-01-01","2026-01-02","confirmed","2026-01-01",6,69994,0,null,0,0,0,4,0,"no"),
(1221,3,3,"2021-01-14","2021-01-15","cancelled","2021-01-14",6,510873,0,null,0,0,0,4,0,"no"),
(1092,3,1,"2024-10-05","2024-10-07","confirmed","2024-09-30",6,511011,0,null,0,0,0,4,0,"no"),
(1059,3,2,"2024-09-16","2024-09-17","confirmed","2024-09-15",6,511049,0,null,0,0,0,4,0,"no"),
(1113,4,3,"2025-04-06","2025-04-07","confirmed","2025-04-06",6,511267,0,null,0,0,0,4,0,"no"),
(1034,3,3,"2025-05-01","2025-05-02","confirmed","2025-05-01",6,511820,0,null,0,0,0,4,0,"no"),
(1272,4,2,"2025-01-13","2025-01-15","confirmed","2025-01-13",6,610050,0,null,0,0,0,4,0,"no"),
(1237,4,2,"2025-05-05","2025-05-06","confirmed","2025-05-05",6,610356,0,null,0,0,0,4,0,"no"),
(1023,2,4,"2025-04-24","2025-04-27","confirmed","2025-04-24",6,615994,0,null,1920,0,17914,4,0,"no"),
(1237,1,3,"2025-03-08","2025-03-09","cancelled","2025-03-08",6,7975,0,null,0,0,0,4,0,"no"),
(1196,2,4,"2023-09-07","2023-09-09","confirmed","2023-09-07",5,12000,6500,5,2600,0,14600,4,0,"no"),
(1277,1,7,"2023-12-31","2024-01-01","confirmed","2023-12-04",5,15250,8000,5,1780,0,17030,4,0,"no"),
(1043,3,6,"2024-03-22","2024-03-24","confirmed","2024-03-13",5,11000,14000,5,0,0,11000,4,0,"no"),
(1179,2,3,"2024-04-11","2024-04-13","confirmed","2024-04-08",5,15000,7500,5,1550,500,17050,4,0,"no"),
(1271,3,5,"2024-05-26","2024-05-27","confirmed","2024-05-26",5,11500,2000,5,1490,0,12990,4,0,"no"),
(1212,1,3,"2025-03-25","2025-03-27","confirmed","2025-03-25",5,13000,4000,5,0,0,13000,4,1040,"yes"),
(1088,2,2,"2023-03-25","2023-03-26","confirmed","2023-03-25",6,5850,2600,5,2910,0,8760,4,0,"no"),
(1270,1,4,"2023-05-03","2023-05-04","confirmed","2023-05-03",6,8000,2000,5,1500,0,9500,4,0,"no"),
(1090,2,2,"2023-06-13","2023-06-14","confirmed","2023-06-13",6,6500,2600,5,0,0,6500,4,0,"no"),
(1134,2,2,"2023-06-30","2023-07-01","confirmed","2023-06-30",6,6500,3250,5,0,0,7285,4,0,"no"),
(1270,2,2,"2023-07-05","2023-07-06","confirmed","2023-07-05",6,5850,2500,5,0,0,7100,4,0,"no"),
(1288,1,3,"2023-08-14","2023-08-15","confirmed","2023-08-14",6,7000,3500,5,0,0,8050,4,0,"no"),
(1172,2,5,"2023-08-26","2023-08-27","confirmed","2023-08-06",6,8500,4000,5,1850,0,10350,4,0,"no"),
(1231,1,2,"2023-11-11","2023-11-13","confirmed","2023-11-11",6,21000,11000,5,5115,0,26115,4,0,"no"),
(1254,1,4,"2023-12-28","2023-12-29","confirmed","2023-12-28",6,10000,5000,5,1485,0,11485,4,0,"no"),
(1266,2,5,"2024-01-05","2024-01-07","confirmed","2023-11-30",6,18800,10000,5,2525,0,21325,4,0,"no"),
(1178,2,3,"2024-01-12","2024-01-13","confirmed","2024-01-11",6,7500,2000,5,1420,0,8920,4,1000,"yes"),
(1137,2,4,"2024-01-14","2024-01-15","confirmed","2024-01-05",6,7500,2000,5,1660,0,9160,4,1000,"yes"),
(1265,1,4,"2025-01-10","2025-01-11","confirmed","2025-01-10",6,16000,16000,5,0,0,16000,4,1000,"yes"),
(1072,3,2,"2025-03-01","2025-03-03","confirmed","2025-03-01",6,8000,6000,5,0,0,8000,4,0,"no"),
(1057,2,5,"2024-11-28","2024-11-30","confirmed","2024-11-25",5,28000,10000,4,5190,0,33190,4,2240,"yes"),
(1115,2,5,"2025-05-01","2025-05-02","confirmed","2025-05-01",5,17000,7500,4,4240,0,21240,4,1360,"yes"),
(1281,1,6,"2023-04-14","2023-04-15","confirmed","2023-04-14",6,14000,7000,4,2560,0,16560,4,0,"no"),
(1120,2,4,"2023-05-17","2023-05-18","confirmed","2023-05-17",6,6999,6999,4,1730,0,8729,4,0,"no"),
(1083,2,2,"2023-07-09","2023-07-10","confirmed","2023-07-09",6,10575,2575,4,0,0,12575,4,0,"no"),
(1276,2,5,"2023-12-05","2023-12-06","confirmed","2023-11-30",6,10000,10000,4,0,0,10000,4,0,"no"),
(1168,2,4,"2024-01-15","2024-01-16","confirmed","2024-01-11",6,11505,8272,4,0,0,11505,4,3233,"yes"),
(1027,1,2,"2024-02-18","2024-02-20","confirmed","2024-02-18",6,13787,6787,4,2630,0,16417,4,0,"no"),
(1251,2,4,"2024-02-24","2024-02-26","cancelled","2024-01-20",6,24000,8000,4,0,0,24000,4,0,"no"),
(1131,1,5,"2024-04-07","2024-04-08","confirmed","2024-04-04",6,12250,6000,4,1160,0,13410,4,1225,"yes"),
(1247,4,2,"2025-04-08","2025-04-10","confirmed","2025-04-08",6,8000,2000,4,0,0,8000,4,0,"no"),
(1046,2,5,"2023-01-20","2023-01-21","confirmed","2022-12-28",6,611750,5000,4,1835,0,13585,4,0,"no"),
(1062,2,3,"2023-10-14","2023-10-15","confirmed","2023-10-14",5,9000,5000,3,3200,0,12200,4,0,"no"),
(1019,1,5,"2024-08-30","2024-09-01","confirmed","2024-08-26",5,23400,11700,3,6020,1000,30420,4,1872,"yes"),
(1171,1,8,"2024-11-30","2024-12-01","confirmed","2024-11-19",5,26000,5000,3,0,0,26000,4,2080,"yes"),
(1071,2,3,"2023-04-19","2023-04-20","confirmed","2023-04-19",6,5515,5515,3,0,0,5515,4,0,"no"),
(1211,2,2,"2023-04-29","2023-05-02","confirmed","2023-04-29",6,11029,11029,3,8900,0,19929,4,0,"no"),
(1260,2,2,"2023-05-11","2023-05-12","confirmed","2023-05-11",6,8000,8000,3,2100,0,10100,4,0,"no"),
(1287,2,2,"2023-07-03","2023-07-04","confirmed","2023-07-03",6,6500,3000,3,0,0,7260,4,0,"no"),
(1078,2,3,"2023-08-05","2023-08-07","confirmed","2023-08-05",6,23010,16544,3,0,0,25310,4,8766,"yes"),
(1109,1,5,"2023-08-11","2023-08-12","confirmed","2023-08-11",6,11750,11750,3,1750,0,13500,4,0,"no"),
(1279,1,4,"2024-02-10","2024-02-11","confirmed","2024-02-09",6,13500,3575,3,3215,0,16715,4,2925,"yes"),
(1153,2,2,"2024-02-12","2024-02-13","confirmed","2024-02-12",6,5000,3000,3,0,0,5000,4,0,"no"),
(1170,1,4,"2024-06-23","2024-06-24","confirmed","2024-06-23",6,10500,4000,3,1465,0,11965,4,1500,"yes"),
(1205,2,2,"2024-07-13","2024-07-16","confirmed","2024-07-08",6,15000,5000,3,3030,0,18030,4,0,"no"),
(1160,2,2,"2025-03-02","2025-03-03","confirmed","2025-03-02",6,5500,2500,3,0,0,5500,4,0,"no"),
(1293,1,4,"2023-02-15","2023-02-16","confirmed","2023-02-15",6,67890,7890,3,2500,0,10390,4,0,"no"),
(1049,2,3,"2022-12-25","2023-01-01","confirmed","2022-10-26",6,650960,20000,3,8645,0,59605,4,0,"no"),
(1166,1,5,"2023-09-03","2023-09-04","confirmed","2023-09-03",5,4425,4425,2,1300,0,5725,4,0,"no"),
(1209,1,4,"2024-01-26","2024-01-28","cancelled","2024-01-22",5,20000,2000,2,0,0,20000,4,0,"no"),
(1000,2,2,"2024-03-24","2024-03-25","confirmed","2024-03-18",5,8000,4000,2,1180,0,9180,4,0,"no"),
(1137,2,4,"2025-03-07","2025-03-09","confirmed","2025-03-07",5,14000,7000,2,0,0,14000,4,1120,"yes"),
(1253,2,7,"2025-05-17","2025-05-18","confirmed","2025-05-17",5,14000,7000,2,0,0,14000,4,1120,"yes"),
(1223,1,7,"2025-05-17","2025-05-18","confirmed","2025-05-17",5,12500,6000,2,2400,1000,15900,4,1000,"yes"),
(1207,1,7,"2025-06-21","2025-06-23","confirmed","2025-06-21",5,18000,9000,2,1830,0,19830,4,1440,"yes"),
(1165,1,3,"2023-04-21","2023-04-22","confirmed","2023-04-21",6,8000,5000,2,2140,0,10140,4,0,"no"),
(1081,1,6,"2023-05-04","2023-05-05","confirmed","2023-05-04",6,12600,4000,2,0,0,12600,4,0,"no"),
(1086,2,4,"2023-10-07","2023-10-08","confirmed","2023-10-07",6,11750,4700,2,2290,0,14040,4,1175,"yes"),
(1062,2,4,"2023-10-22","2023-10-23","confirmed","2023-10-01",6,13000,5000,2,1515,0,14515,4,0,"no"),
(1175,2,2,"2023-10-25","2023-10-27","confirmed","2023-10-10",6,18880,13574,2,0,0,18880,4,5306,"yes"),
(1247,1,6,"2024-05-20","2024-05-21","confirmed","2024-05-20",6,13000,13000,2,2820,0,15820,4,0,"no"),
(1172,1,3,"2024-10-02","2024-10-03","confirmed","2024-10-02",6,10148,10148,2,1520,0,11668,4,0,"no"),
(1129,2,4,"2023-01-26","2023-01-28","confirmed","2023-01-18",6,620000,10000,2,2500,1000,23500,4,0,"no"),
(1177,1,2,"2023-01-23","2023-01-26","confirmed","2023-01-23",6,624000,8000,2,4000,0,28000,4,0,"no"),
(1013,1,4,"2023-07-23","2023-07-24","confirmed","2023-07-23",5,10000,3000,1,3000,0,13000,4,0,"no"),
(1035,2,4,"2024-02-07","2024-02-08","confirmed","2024-02-07",5,7500,7500,1,0,0,7500,4,0,"no"),
(1299,1,4,"2024-03-07","2024-03-08","confirmed","2024-03-03",5,9000,4500,1,2790,0,11790,4,0,"no"),
(1150,3,2,"2024-06-29","2024-07-01","confirmed","2024-06-22",5,22000,11000,1,2160,1000,25160,4,1760,"yes"),
(1241,2,7,"2024-08-24","2024-08-25","confirmed","2024-08-13",5,15500,7500,1,2540,0,18040,4,1240,"yes"),
(1188,1,7,"2024-09-20","2024-09-22","confirmed","2024-09-19",5,28000,5000,1,7810,0,35810,4,2240,"yes"),
(1095,1,5,"2025-02-28","2025-03-02","confirmed","2025-02-28",5,18000,9000,1,0,0,18000,4,1440,"yes"),
(1090,1,5,"2023-06-12","2023-06-13","confirmed","2023-06-12",6,9000,4000,1,2250,0,13500,4,0,"no"),
(1039,1,5,"2023-07-22","2023-07-23","confirmed","2023-07-22",6,11750,6000,1,3550,500,15800,4,0,"no"),
(1264,2,4,"2023-09-17","2023-09-18","confirmed","2023-09-17",6,14000,5600,1,1580,0,15580,4,1400,"yes"),
(1148,2,4,"2023-10-06","2023-10-07","confirmed","2023-10-06",6,10000,10000,1,0,0,10000,4,0,"no"),
(1221,1,3,"2023-12-26","2023-12-28","confirmed","2023-12-17",6,16500,8250,1,1250,0,17750,4,1650,"yes"),
(1107,2,4,"2023-12-27","2023-12-29","confirmed","2023-12-09",6,10000,8000,1,5300,0,15300,4,2000,"yes"),
(1217,1,4,"2024-01-15","2024-01-16","confirmed","2024-01-14",6,12000,10000,1,1180,0,13180,4,2000,"yes"),
(1192,1,4,"2024-03-29","2024-03-30","confirmed","2024-02-28",6,9332,9332,1,0,0,9332,4,0,"no"),
(1144,2,2,"2024-07-05","2024-07-07","confirmed","2024-07-05",6,13000,5000,1,1135,0,14135,4,1300,"yes"),
(1020,4,3,"2025-07-04","2025-07-06","confirmed","2025-07-04",6,9000,4500,1,3080,0,12080,4,0,"no"),
(1232,2,2,"2024-10-13","2024-10-15","confirmed","2024-09-28",6,5107,10000,1,0,0,0,4,0,"no"),
(1140,2,4,"2023-01-28","2023-01-29","confirmed","2023-01-28",6,6100,5000,1,2810,0,12810,4,0,"no"),
(1087,4,2,"2024-04-27","2024-04-28","cancelled","2024-04-22",5,0,0,null,0,0,0,3,0,"no"),
(1083,2,5,"2024-04-27","2024-04-28","cancelled","2024-04-22",5,0,0,null,0,0,0,3,0,"no"),
(1164,1,6,"2024-08-05","2024-08-07","confirmed","2024-08-05",5,20000,0,null,5250,0,25250,3,1600,"yes"),
(1082,2,2,"2023-04-14","2023-04-15","confirmed","2023-04-14",6,6500,0,null,600,0,8500,3,0,"no"),
(1185,2,3,"2023-04-16","2023-04-17","confirmed","2023-04-16",6,8000,0,null,2080,0,10080,3,0,"no"),
(1219,2,3,"2024-02-17","2024-02-18","confirmed","2024-02-17",6,6000,0,null,900,0,6900,3,0,"no"),
(1285,2,5,"2024-05-18","2024-05-19","confirmed","2024-05-18",6,9300,0,null,590,0,9890,3,0,"no"),
(1084,4,2,"2024-10-16","2024-10-17","confirmed","2024-10-16",6,4331,0,null,0,0,4331,3,0,"no"),
(1141,4,2,"2024-11-03","2024-11-04","confirmed","2024-11-03",6,4500,0,null,0,0,4500,3,0,"no"),
(1220,1,5,"2024-12-08","2024-12-09","confirmed","2024-12-08",6,5698,0,null,0,0,5698,3,0,"no"),
(1194,3,2,"2024-12-27","2024-12-28","confirmed","2024-12-27",6,3093,0,null,0,0,3093,3,0,"no"),
(1207,1,5,"2025-01-18","2025-01-19","confirmed","2025-01-18",6,9000,0,null,0,0,9000,3,0,"no"),
(1013,1,3,"2025-01-25","2025-01-26","confirmed","2025-01-25",6,5309,0,null,950,0,6259,3,0,"no"),
(1079,3,4,"2025-04-21","2025-04-22","confirmed","2025-04-21",6,6125,0,null,2590,0,8715,3,0,"no"),
(1137,2,5,"2025-04-28","2025-04-29","confirmed","2025-04-28",6,9000,0,null,1350,0,10350,3,0,"no"),
(1101,2,5,"2025-05-16","2025-05-17","confirmed","2025-05-16",6,8848,0,null,1050,0,9898,3,0,"no"),
(1244,2,2,"2025-05-13","2025-05-14","confirmed","2025-05-13",6,5671,0,null,1310,0,6981,3,0,"no"),
(1135,2,5,"2025-05-04","2025-05-05","confirmed","2025-05-04",6,5104,0,null,1290,0,6394,3,0,"no"),
(1178,1,5,"2025-05-10","2025-05-12","confirmed","2025-05-10",6,11230,0,null,4630,0,15860,3,0,"no"),
(1181,2,4,"2025-06-07","2025-06-08","confirmed","2025-06-07",6,5918,0,null,0,0,5918,3,0,"no"),
(1171,4,2,"2025-05-24","2025-05-26","confirmed","2025-05-24",6,6465,0,null,0,0,6465,3,0,"no"),
(1062,3,2,"2025-05-22","2025-05-25","confirmed","2025-05-22",6,9868,0,null,0,0,9868,3,0,"no"),
(1177,2,2,"2025-06-13","2025-06-15","confirmed","2025-06-13",6,8848,0,null,740,0,9588,3,0,"no"),
(1202,4,2,"2025-06-20","2025-06-22","confirmed","2025-06-20",6,6125,0,null,1280,0,7405,3,0,"no"),
(1252,2,3,"2025-06-14","2025-06-15","confirmed","2025-06-14",6,6000,0,null,1020,0,7020,3,0,"no"),
(1032,4,2,"2025-06-14","2025-06-15","confirmed","2025-06-14",6,6125,0,null,2370,0,8495,3,0,"no"),
(1271,3,3,"2024-07-01","2024-07-02","confirmed","2024-07-01",6,55082,0,null,0,0,0,3,0,"no"),
(1283,3,4,"2024-07-15","2024-07-16","confirmed","2024-07-15",6,55549,0,null,0,0,0,3,0,"no"),
(1207,3,3,"2024-09-14","2024-09-16","confirmed","2024-09-14",6,55853,0,null,0,0,0,3,0,"no"),
(1004,1,1,"2024-12-24","2024-12-25","confirmed","2024-12-24",6,56000,0,null,0,0,0,3,0,"no"),
(1121,1,9,"2021-01-02","2021-01-03","cancelled","2024-09-02",6,56371,0,null,0,0,0,3,0,"no"),
(1024,4,5,"2024-08-16","2024-08-17","confirmed","2024-08-16",6,56396,0,null,0,0,0,3,0,"no"),
(1289,3,4,"2021-01-16","2021-01-17","cancelled","2024-10-13",6,56699,0,null,0,0,0,3,0,"no"),
(1263,2,2,"2024-09-16","2024-09-17","confirmed","2024-09-15",6,56812,0,null,0,0,0,3,0,"no"),
(1152,1,1,"2024-12-29","2024-12-30","confirmed","2024-12-29",6,57000,0,null,0,0,0,3,0,"no"),
(1130,3,5,"2024-08-22","2024-08-24","confirmed","2024-08-22",6,65098,0,null,0,0,0,3,0,"no"),
(1291,3,2,"2025-05-25","2025-05-26","confirmed","2025-05-25",6,65373,0,null,1770,0,1770,3,0,"no"),
(1289,2,2,"2023-03-02","2023-03-03","confirmed","2023-03-02",6,66000,0,null,2460,0,8460,3,0,"no"),
(1136,2,2,"2024-06-29","2024-06-30","confirmed","2024-06-29",6,66941,0,null,0,0,0,3,0,"no"),
(1046,2,3,"2024-05-11","2024-05-12","confirmed","2024-05-11",6,67427,0,null,1315,0,1315,3,0,"no"),
(1083,1,4,"2024-12-25","2024-12-26","confirmed","2024-12-25",6,67748,0,null,0,0,0,3,0,"no"),
(1035,2,4,"2025-03-14","2025-03-16","confirmed","2025-03-14",6,68880,0,null,0,0,0,3,0,"no"),
(1085,4,3,"2025-02-14","2025-02-16","cancelled","2025-02-14",6,69066,0,null,0,0,0,3,0,"no"),
(1042,4,2,"2025-05-28","2025-05-29","confirmed","2025-05-28",6,69199,0,null,0,0,0,3,0,"no"),
(1011,3,2,"2025-04-16","2025-04-18","confirmed","2025-04-16",6,69803,0,null,0,0,0,3,0,"no"),
(1104,1,3,"2024-08-25","2024-08-26","confirmed","2024-08-25",6,510164,0,null,0,0,0,3,0,"no"),
(1106,4,2,"2025-05-02","2025-05-04","confirmed","2025-05-02",6,511443,0,null,0,0,0,3,0,"no"),
(1174,5,5,"2025-07-29","2025-07-30","confirmed","2025-07-29",6,511857,0,null,0,0,0,3,0,"no"),
(1152,4,3,"2025-05-18","2025-05-20","confirmed","2025-05-18",6,610190,0,null,0,0,0,3,0,"no"),
(1279,3,2,"2025-04-15","2025-04-16","confirmed","2025-04-15",6,610368,0,null,1540,0,1540,3,0,"no"),
(1172,4,2,"2021-01-07","2021-01-08","cancelled","2024-09-19",6,610478,0,null,0,0,0,3,0,"no"),
(1152,1,2,"2025-01-13","2025-01-15","confirmed","2025-01-13",6,611185,0,null,1380,0,1380,3,0,"no"),
(1270,2,4,"2025-04-06","2025-04-07","confirmed","2025-04-06",6,611211,0,null,0,0,0,3,0,"no"),
(1072,1,2,"2025-02-03","2025-02-05","confirmed","2025-02-03",6,611392,0,null,0,0,0,3,0,"no"),
(1156,1,4,"2023-06-08","2023-06-11","confirmed","2023-06-08",6,611406,0,null,0,0,0,3,0,"no"),
(1097,4,3,"2024-08-10","2024-08-11","confirmed","2024-08-10",6,611817,0,null,0,0,0,3,0,"no"),
(1300,1,6,"2022-11-05","2022-11-06","confirmed","2022-11-11",6,612550,0,null,3080,0,15630,3,0,"no"),
(1252,1,5,"2023-08-18","2023-08-21","confirmed","2023-08-18",5,30000,15000,5,11780,0,41780,3,0,"no"),
(1091,1,4,"2023-10-23","2023-10-25","confirmed","2023-10-23",5,19000,9500,5,4000,0,23000,3,0,"no"),
(1021,3,3,"2024-01-17","2024-01-18","confirmed","2024-01-17",5,4500,4500,5,4730,0,9230,3,0,"no"),
(1195,1,6,"2024-02-15","2024-02-16","confirmed","2024-02-15",5,17000,5000,5,3150,0,20150,3,0,"no"),
(1115,2,2,"2024-03-03","2024-03-04","cancelled","2024-02-24",5,2000,2000,5,0,0,2000,3,0,"no"),
(1209,2,4,"2025-05-09","2025-05-12","confirmed","2025-05-09",5,19500,9000,5,3120,0,22620,3,1560,"yes"),
(1019,1,5,"2023-04-22","2023-04-23","confirmed","2023-03-28",6,11750,10000,5,2195,0,13945,3,0,"no"),
(1166,2,4,"2023-05-19","2023-05-20","confirmed","2023-05-19",6,9000,4500,5,1530,0,10530,3,0,"no"),
(1032,2,2,"2023-06-26","2023-06-27","confirmed","2023-06-26",6,6500,3000,5,0,0,8240,3,0,"no"),
(1059,2,2,"2023-07-12","2023-07-14","confirmed","2023-07-12",6,13000,13000,5,0,0,13270,3,0,"no"),
(1161,1,4,"2023-12-23","2023-12-25","confirmed","2023-12-23",6,20000,10000,5,1895,0,21895,3,0,"no"),
(1090,2,4,"2025-01-14","2025-01-15","confirmed","2025-01-14",6,7700,3850,5,0,0,7700,3,0,"no"),
(1210,1,4,"2023-01-11","2023-01-12","confirmed","2023-01-09",6,620000,10000,5,2680,1000,23680,3,0,"no"),
(1087,2,3,"2024-03-29","2024-03-31","confirmed","2024-03-20",5,14000,7000,4,1940,500,16440,3,0,"no"),
(1139,1,5,"2024-04-13","2024-04-14","confirmed","2024-03-28",5,12000,6000,4,0,0,12000,3,0,"no"),
(1278,1,7,"2024-08-23","2024-08-25","confirmed","2024-07-30",5,28000,14000,4,4345,0,32345,3,2240,"yes"),
(1202,3,2,"2024-09-19","2024-09-24","confirmed","2024-08-29",5,40000,20000,4,8930,1000,49930,3,3200,"yes"),
(1148,3,2,"2025-05-08","2025-05-10","confirmed","2025-05-08",5,15000,5000,4,2200,0,17200,3,1200,"yes"),
(1210,2,4,"2023-07-22","2023-07-23","confirmed","2023-07-22",6,9000,4500,4,2200,500,11700,3,0,"no"),
(1205,1,4,"2024-01-04","2024-01-06","confirmed","2023-12-16",6,20000,10000,4,1550,0,21550,3,2000,"yes"),
(1182,2,3,"2024-05-15","2024-05-18","confirmed","2024-04-26",6,24000,12000,4,4370,0,28370,3,2400,"yes"),
(1241,2,4,"2024-05-24","2024-05-26","confirmed","2024-05-20",6,18900,7900,4,1000,0,19900,3,0,"no"),
(1026,4,3,"2024-05-31","2024-06-02","confirmed","2024-05-20",6,12559,5000,4,0,0,12559,3,0,"no"),
(1010,1,8,"2024-08-15","2024-08-16","confirmed","2024-07-30",6,16700,9000,4,3390,0,20090,3,1670,"yes"),
(1283,1,6,"2024-08-17","2024-08-19","confirmed","2024-07-25",6,24000,7500,4,3325,0,27325,3,2400,"yes"),
(1050,1,8,"2023-01-01","2023-01-02","confirmed","2022-12-16",6,617000,5000,4,4210,1000,22210,3,0,"no"),
(1230,2,4,"2023-09-24","2023-09-26","confirmed","2023-09-24",5,18000,18000,3,2120,0,20120,3,0,"no"),
(1236,2,4,"2023-10-15","2023-10-16","confirmed","2023-10-15",5,10000,2000,3,2070,0,12070,3,0,"no"),
(1096,2,3,"2023-12-16","2023-12-19","confirmed","2023-12-16",5,23000,10000,3,4410,0,27410,3,0,"no"),
(1177,1,3,"2024-01-27","2024-01-28","confirmed","2024-01-24",5,10000,5000,3,1900,0,11900,3,0,"no"),
(1226,3,2,"2024-03-30","2024-03-31","confirmed","2024-03-30",5,5500,2250,3,1160,0,6660,3,0,"no"),
(1270,1,5,"2024-04-10","2024-04-12","confirmed","2024-04-09",5,18500,13000,3,4700,1000,24200,3,0,"no"),
(1099,1,4,"2024-11-02","2024-11-04","confirmed","2024-10-18",5,20000,10000,3,6560,0,26560,3,1600,"yes"),
(1286,1,5,"2025-05-13","2025-05-15","confirmed","2025-05-13",5,18000,9000,3,3760,0,21760,3,1440,"yes"),
(1098,1,5,"2023-08-12","2023-08-14","confirmed","2023-07-15",6,21500,10750,3,0,0,25930,3,0,"no"),
(1241,1,5,"2023-09-23","2023-09-25","confirmed","2023-09-23",6,21750,7825,3,2750,0,24500,3,2175,"yes"),
(1014,1,4,"2023-11-13","2023-11-14","confirmed","2023-11-13",6,11750,3825,3,3150,0,14900,3,1175,"yes"),
(1063,2,4,"2023-12-02","2023-12-03","confirmed","2023-12-02",6,6500,4250,3,1750,0,8250,3,0,"no"),
(1291,1,5,"2023-12-09","2023-12-10","confirmed","2023-12-09",6,12500,12500,3,2300,0,14800,3,0,"no"),
(1058,1,7,"2024-01-14","2024-01-15","confirmed","2024-01-05",6,17500,4750,3,3225,0,20725,3,0,"no"),
(1033,1,9,"2024-05-25","2024-05-27","confirmed","2024-05-20",6,38100,27600,3,4515,0,42615,3,0,"no"),
(1164,2,5,"2024-06-21","2024-06-23","confirmed","2024-06-21",6,18240,9000,3,3110,0,21350,3,0,"no"),
(1247,2,5,"2022-11-04","2022-11-05","confirmed","2022-11-02",6,610000,5000,3,3065,500,15815,3,0,"no"),
(1018,1,7,"2023-01-27","2023-01-28","confirmed","2023-01-27",6,614000,8000,3,5300,0,19300,3,0,"no"),
(1162,2,5,"2023-08-17","2023-08-18","confirmed","2023-08-17",5,8000,1000,2,2310,0,10310,3,0,"no"),
(1102,1,5,"2023-08-25","2023-08-26","confirmed","2023-08-25",5,5000,5000,2,2500,0,7500,3,0,"no"),
(1034,2,2,"2024-01-18","2024-01-20","confirmed","2024-01-08",5,12000,12000,2,1390,0,13390,3,0,"no"),
(1266,1,3,"2024-03-09","2024-03-10","confirmed","2024-02-19",5,15000,6000,2,0,0,15000,3,0,"no"),
(1033,3,2,"2024-04-19","2024-04-21","confirmed","2024-04-12",5,11000,5500,2,2700,0,13700,3,0,"no"),
(1208,3,2,"2024-05-07","2024-05-08","confirmed","2024-05-05",5,9000,4500,2,1320,0,10320,3,0,"no"),
(1298,2,4,"2024-09-19","2024-09-22","confirmed","2024-08-31",5,27000,13000,2,0,2380,29380,3,2160,"yes"),
(1112,2,3,"2025-04-10","2025-04-12","confirmed","2025-04-10",5,13000,6500,2,1710,0,14710,3,1040,"yes"),
(1166,1,7,"2023-05-27","2023-05-29","confirmed","2023-05-27",6,29500,15000,2,15260,0,44760,3,2950,"yes"),
(1051,1,4,"2023-07-01","2023-07-02","confirmed","2023-07-01",6,10000,5000,2,0,0,11640,3,0,"no"),
(1282,1,5,"2023-07-07","2023-07-09","confirmed","2023-07-07",6,20000,10000,2,0,0,26400,3,0,"no"),
(1016,1,5,"2023-08-08","2023-08-09","confirmed","2023-08-08",6,10000,5000,2,0,0,11500,3,0,"no"),
(1226,2,2,"2023-11-12","2023-11-13","confirmed","2023-11-10",6,9440,6787,2,0,0,9440,3,2653,"yes"),
(1031,2,2,"2023-11-17","2023-11-19","confirmed","2023-11-17",6,13000,6500,2,2200,0,15200,3,1300,"yes"),
(1252,2,2,"2023-12-01","2023-12-02","cancelled","2023-11-23",6,9440,6787,2,0,0,9440,3,2653,"yes"),
(1099,1,6,"2023-12-04","2023-12-05","confirmed","2023-12-04",6,15500,5000,2,2920,0,18420,3,2000,"yes"),
(1017,3,2,"2024-04-11","2024-04-13","confirmed","2024-03-31",6,18460,11742,2,2745,0,21205,3,6718,"yes"),
(1275,3,2,"2024-06-05","2024-06-06","confirmed","2024-06-05",6,11000,5500,2,1600,0,12600,3,0,"no"),
(1194,2,5,"2025-04-04","2025-04-06","confirmed","2025-04-04",6,25600,10000,2,6770,0,32370,3,0,"no"),
(1004,2,4,"2022-11-09","2022-11-10","confirmed","2022-11-09",6,68000,5000,2,2220,0,10220,3,0,"no"),
(1088,2,5,"2023-09-16","2023-09-17","confirmed","2023-09-16",5,10000,5000,1,3700,0,13700,3,0,"no"),
(1183,1,5,"2023-09-29","2023-09-30","confirmed","2023-09-29",5,5000,5000,1,3230,0,8230,3,0,"no"),
(1175,2,3,"2025-04-13","2025-04-16","confirmed","2025-04-13",5,20000,5000,1,2790,0,22790,3,1600,"yes"),
(1033,1,3,"2025-04-24","2025-04-26","confirmed","2025-04-24",5,15000,7500,1,1180,0,16180,3,1200,"yes"),
(1128,2,4,"2023-04-06","2023-04-07","confirmed","2023-04-06",6,8484,8484,1,1200,0,9684,3,0,"no"),
(1269,1,2,"2023-06-02","2023-06-03","confirmed","2023-06-02",6,7000,3500,1,0,0,7500,3,0,"no"),
(1143,1,4,"2023-07-02","2023-07-03","confirmed","2023-07-02",6,8000,4000,1,0,0,9830,3,0,"no"),
(1222,2,3,"2023-11-05","2023-11-06","confirmed","2023-11-05",6,8250,5000,1,1060,0,9310,3,0,"no"),
(1295,2,4,"2023-12-04","2023-12-05","confirmed","2023-12-04",6,4000,4000,1,0,0,4400,3,0,"no"),
(1147,2,5,"2023-12-20","2023-12-21","confirmed","2023-12-20",6,6500,6500,1,6000,0,12500,3,0,"no"),
(1093,2,2,"2024-01-03","2024-01-05","confirmed","2024-01-03",6,9000,4000,1,1000,0,10000,3,0,"no"),
(1081,2,3,"2024-03-21","2024-03-22","confirmed","2024-03-21",6,5500,5500,1,1680,0,7180,3,0,"no"),
(1192,2,3,"2022-12-17","2022-12-18","confirmed","2022-12-17",6,6800,4000,1,1645,0,9645,3,0,"no"),
(1148,2,3,"2023-03-04","2023-03-05","confirmed","2023-03-02",6,6825,3425,1,0,0,8250,3,0,"no"),
(1044,1,2,"2022-12-19","2022-12-21","confirmed","2022-12-19",6,6120,3700,1,3510,0,15510,3,0,"no"),
(1257,1,5,"2022-12-25","2022-12-27","confirmed","2022-12-13",6,6270,5000,1,5560,1000,33560,3,0,"no"),
(1300,3,3,"2024-03-02","2024-03-03","confirmed","2024-03-02",6,5500,0,null,1760,500,8260,2,0,"no"),
(1153,3,2,"2024-03-06","2024-03-07","confirmed","2024-03-06",6,6000,0,null,0,0,6000,2,0,"no"),
(1254,3,2,"2024-05-21","2024-05-22","confirmed","2024-05-17",6,5022,0,null,800,0,5822,2,0,"no"),
(1250,2,3,"2024-06-05","2024-06-07","confirmed","2024-06-04",6,22009,0,null,3390,0,28399,2,6567,"yes"),
(1038,3,2,"2024-07-14","2024-07-15","confirmed","2024-07-14",6,4500,0,null,540,0,5040,2,0,"no"),
(1019,1,2,"2024-08-10","2024-08-12","confirmed","2024-08-10",6,12000,0,null,1380,0,13380,2,0,"no"),
(1004,1,5,"2024-09-23","2024-09-24","confirmed","2024-09-21",6,11520,0,null,4130,1000,16650,2,0,"no"),
(1001,3,2,"2024-11-05","2024-11-06","confirmed","2024-11-05",6,4000,0,null,0,0,4000,2,0,"no"),
(1098,4,3,"2024-11-09","2024-11-10","confirmed","2024-11-08",6,7200,0,null,0,0,7200,2,0,"no"),
(1024,1,3,"2024-12-14","2024-12-15","confirmed","2024-12-14",6,4997,0,null,1480,0,6477,2,0,"no"),
(1208,3,2,"2024-12-14","2024-12-16","confirmed","2024-12-14",6,5568,0,null,0,0,5568,2,0,"no"),
(1259,2,2,"2024-12-23","2024-12-24","confirmed","2024-12-23",6,4500,0,null,530,0,5030,2,0,"no"),
(1235,2,2,"2025-02-01","2025-02-02","confirmed","2025-02-01",6,4513,0,null,0,0,4513,2,0,"no"),
(1247,1,4,"2025-02-06","2025-02-07","confirmed","2025-02-06",6,4513,0,null,0,0,4513,2,0,"no"),
(1124,2,5,"2025-02-07","2025-02-08","confirmed","2025-02-07",6,4716,0,null,900,0,5616,2,0,"no"),
(1043,1,3,"2025-02-15","2025-02-17","confirmed","2025-02-15",6,10088,0,null,0,0,10088,2,0,"no"),
(1267,3,2,"2025-02-26","2025-02-27","confirmed","2025-02-26",6,2774,0,null,0,0,2774,2,0,"no"),
(1126,3,2,"2026-01-01","2026-01-02","confirmed","2026-01-01",6,2800,0,null,0,0,2800,2,0,"no"),
(1025,2,4,"2025-05-07","2025-05-09","confirmed","2025-05-07",6,11097,0,null,2200,0,13297,2,0,"no"),
(1146,1,4,"2025-05-01","2025-05-02","confirmed","2025-05-01",6,5918,0,null,0,0,5918,2,0,"no"),
(1018,3,2,"2025-04-26","2025-04-27","confirmed","2025-04-26",6,5445,0,null,1080,0,6525,2,0,"no"),
(1287,4,2,"2025-05-25","2025-05-26","confirmed","2025-05-25",6,6806,0,null,0,0,6806,2,0,"no"),
(1190,4,2,"2025-04-18","2025-04-19","confirmed","2025-04-18",6,3403,0,null,0,0,3403,2,0,"no"),
(1180,3,5,"2025-05-18","2025-05-20","confirmed","2025-05-18",6,6125,0,null,1640,0,7765,2,0,"no"),
(1172,1,2,"2025-05-09","2025-05-10","confirmed","2025-05-09",6,5785,0,null,960,0,6745,2,0,"no"),
(1088,3,2,"2025-06-02","2025-06-03","confirmed","2025-06-02",6,3062,0,null,940,0,4002,2,0,"no"),
(1158,3,2,"2025-06-27","2025-06-28","confirmed","2025-06-27",6,3329,0,null,640,0,3969,2,0,"no"),
(1273,3,2,"2025-07-13","2025-07-15","confirmed","2025-07-13",6,6125,0,null,0,0,6125,2,0,"no"),
(1260,1,5,"2025-06-09","2025-06-10","confirmed","2025-06-09",6,11570,0,null,3120,0,14690,2,0,"no"),
(1024,1,4,"2025-04-06","2025-04-07","confirmed","2025-04-06",6,11721,0,null,2600,1000,15321,2,0,"no"),
(1019,3,2,"2025-07-13","2025-07-15","confirmed","2025-07-13",6,6125,0,null,1590,0,7715,2,0,"no"),
(1278,2,4,"2025-07-06","2025-07-07","confirmed","2025-07-06",6,3981,0,null,1155,0,5136,2,0,"no"),
(1123,4,2,"2024-09-19","2024-09-24","confirmed","2024-09-19",6,55021,0,null,0,0,0,2,0,"no"),
(1138,4,4,"2025-02-25","2025-02-26","cancelled","2025-02-25",6,56750,0,null,0,0,0,2,0,"no"),
(1093,4,5,"2024-09-02","2024-09-03","confirmed","2024-09-02",6,57466,0,null,0,0,0,2,0,"no"),
(1286,3,4,"2025-04-19","2025-04-21","confirmed","2025-04-19",6,57978,0,null,0,0,0,2,0,"no"),
(1221,4,2,"2024-11-18","2024-11-19","confirmed","2024-11-18",6,59207,0,null,0,0,0,2,0,"no"),
(1147,3,2,"2024-11-30","2024-12-01","confirmed","2024-11-30",6,59503,0,null,0,0,0,2,0,"no"),
(1226,4,2,"2024-08-24","2024-08-26","confirmed","2024-07-01",6,65000,0,null,0,0,0,2,0,"no"),
(1054,3,2,"2024-08-26","2024-08-28","confirmed","2024-07-01",6,65000,0,null,0,0,0,2,0,"no"),
(1044,3,2,"2025-04-27","2025-04-29","confirmed","2025-04-27",6,65343,0,null,0,0,0,2,0,"no"),
(1100,4,2,"2025-07-31","2025-08-01","confirmed","2025-07-31",6,65755,0,null,0,0,0,2,0,"no"),
(1150,4,2,"2025-04-04","2025-04-06","confirmed","2025-04-04",6,66139,0,null,0,0,0,2,0,"no"),
(1079,4,2,"2024-12-28","2024-12-30","cancelled","2024-11-17",6,66619,0,null,0,0,0,2,0,"no"),
(1166,1,4,"2025-02-21","2025-02-22","cancelled","2025-02-21",6,66885,0,null,0,0,0,2,0,"no"),
(1068,1,4,"2025-01-20","2025-01-22","confirmed","2025-01-20",6,67103,0,null,0,0,0,2,0,"no"),
(1002,1,5,"2021-01-03","2021-01-04","cancelled","2024-11-07",6,67482,0,null,0,0,0,2,0,"no"),
(1145,2,2,"2025-07-31","2025-08-01","cancelled","2025-07-31",6,69209,0,null,0,0,0,2,0,"no"),
(1221,4,2,"2025-04-10","2025-04-11","confirmed","2025-04-10",6,69933,0,null,0,0,0,2,0,"no"),
(1227,3,3,"2021-01-15","2021-01-16","cancelled","2021-01-15",6,510911,0,null,0,0,0,2,0,"no"),
(1210,3,2,"2025-05-02","2025-05-04","confirmed","2025-05-02",6,511136,0,null,0,0,0,2,0,"no"),
(1058,2,3,"2025-06-24","2025-06-25","confirmed","2025-06-24",6,511450,0,null,0,0,0,2,0,"no"),
(1154,1,6,"2025-04-22","2025-04-23","confirmed","2025-04-22",6,610101,0,null,1360,0,1360,2,0,"no"),
(1070,2,3,"2025-01-23","2025-01-24","confirmed","2025-01-23",6,610195,0,null,0,0,0,2,0,"no"),
(1235,4,3,"2024-07-13","2024-07-14","confirmed","2024-07-13",6,610240,0,null,0,0,0,2,0,"no"),
(1048,2,4,"2024-12-31","2025-01-01","confirmed","2024-12-31",6,610722,0,null,0,0,0,2,0,"no"),
(1117,3,3,"2025-02-07","2025-02-09","confirmed","2025-02-07",6,611255,0,null,0,0,0,2,0,"no"),
(1276,4,2,"2021-01-09","2021-01-10","cancelled","2021-01-09",6,611364,0,null,0,0,0,2,0,"no"),
(1256,3,2,"2025-05-21","2025-05-22","confirmed","2025-05-21",6,611629,0,null,1040,0,1040,2,0,"no"),
(1188,1,2,"2023-11-15","2023-11-16","cancelled","2023-11-15",6,611682,0,null,0,0,0,2,0,"no"),
(1077,2,4,"2023-08-16","2023-08-17","cancelled","2023-08-16",6,611910,0,null,0,0,0,2,0,"no"),
(1032,1,4,"2022-10-14","2022-10-16","confirmed","2022-10-14",6,618000,0,null,5220,0,23220,2,0,"no"),
(1083,1,4,"2023-09-24","2023-09-25","confirmed","2023-09-24",5,6500,6500,5,1700,0,8200,2,0,"no"),
(1034,1,6,"2024-06-07","2024-06-09","confirmed","2024-06-04",5,23500,5000,5,6770,0,30270,2,0,"no"),
(1087,1,6,"2023-03-09","2023-03-11","confirmed","2023-02-28",6,22000,10000,5,6500,0,28500,2,0,"no"),
(1234,2,5,"2023-04-15","2023-04-16","confirmed","2023-04-15",6,12000,6000,5,1800,0,13800,2,0,"no"),
(1221,2,5,"2023-04-22","2023-04-23","confirmed","2023-03-28",6,11750,10000,5,2195,0,13945,2,0,"no"),
(1031,1,3,"2023-04-29","2023-05-01","confirmed","2023-04-29",6,19853,19853,5,0,0,19853,2,0,"no"),
(1006,2,5,"2023-05-14","2023-05-15","confirmed","2023-05-14",6,10500,2500,5,2220,0,12720,2,1050,"yes"),
(1283,2,4,"2023-05-23","2023-05-25","confirmed","2023-05-23",6,20000,10000,5,3960,0,23960,2,0,"no"),
(1115,1,5,"2023-05-29","2023-05-30","confirmed","2023-05-29",6,11500,11500,5,3000,0,14500,2,0,"no"),
(1295,2,5,"2023-06-16","2023-06-18","confirmed","2023-06-16",6,20000,10000,5,0,0,26795,2,0,"no"),
(1100,1,7,"2023-07-15","2023-07-16","confirmed","2023-07-15",6,14000,7000,5,0,0,19500,2,0,"no"),
(1299,2,4,"2023-08-11","2023-08-13","confirmed","2023-08-11",6,20000,10000,5,3520,0,23520,2,2000,"yes"),
(1174,2,4,"2023-11-02","2023-11-04","confirmed","2023-11-02",6,17000,17000,5,2190,0,19190,2,0,"no"),
(1178,1,3,"2023-11-03","2023-11-04","confirmed","2023-11-03",6,7000,7000,5,1750,0,8750,2,0,"no"),
(1277,1,3,"2023-11-18","2023-11-19","confirmed","2023-11-18",6,9000,5000,5,1250,0,10250,2,0,"no"),
(1220,1,8,"2023-12-01","2023-12-03","confirmed","2023-12-01",6,10000,10000,5,12925,0,22925,2,0,"no"),
(1024,2,3,"2023-12-31","2024-01-01","confirmed","2023-12-31",6,10000,5000,5,2900,0,12900,2,0,"no"),
(1006,1,4,"2024-04-19","2024-04-22","confirmed","2024-04-18",6,30000,15000,5,2280,0,32280,2,0,"no"),
(1012,1,7,"2024-04-29","2024-05-01","confirmed","2024-03-30",6,34000,6200,5,4610,0,38610,2,3400,"yes"),
(1123,1,5,"2024-05-03","2024-05-04","confirmed","2024-04-29",6,16419,11640,5,1740,0,18159,2,4779,"yes"),
(1234,2,7,"2024-08-22","2024-08-24","confirmed","2024-07-28",6,24720,10000,5,11695,500,36915,2,0,"no"),
(1242,1,7,"2022-11-27","2022-11-28","confirmed","2022-11-27",6,613000,4500,5,4500,1000,18500,2,0,"no"),
(1001,1,5,"2023-09-08","2023-09-10","confirmed","2023-09-08",5,15000,7500,4,3370,0,18370,2,0,"no"),
(1187,1,2,"2023-10-21","2023-10-22","confirmed","2023-10-21",5,20000,10000,4,7765,0,27765,2,0,"no"),
(1151,2,2,"2023-12-26","2023-12-27","confirmed","2023-12-26",5,6000,3000,4,2935,0,8935,2,0,"no"),
(1149,1,4,"2024-07-03","2024-07-05","confirmed","2024-07-02",5,14000,3500,4,3910,1000,18910,2,1120,"yes"),
(1042,1,4,"2024-07-25","2024-07-27","confirmed","2024-07-25",5,17000,8500,4,3800,0,20800,2,1360,"yes"),
(1046,2,4,"2024-11-01","2024-11-03","confirmed","2024-10-12",5,18000,9000,4,0,0,18000,2,1440,"yes"),
(1022,2,4,"2025-01-20","2025-01-22","confirmed","2025-01-20",5,19000,5000,4,0,0,19000,2,1520,"yes"),
(1291,2,2,"2023-05-12","2023-05-13","confirmed","2023-05-12",6,5000,5000,4,0,0,6500,2,0,"no"),
(1052,1,2,"2023-06-04","2023-06-05","confirmed","2023-06-04",6,4800,4800,4,0,0,4800,2,0,"no"),
(1047,2,5,"2023-09-26","2023-09-27","confirmed","2023-09-26",6,10000,5000,4,3295,0,13295,2,0,"no"),
(1141,1,4,"2023-10-04","2023-10-06","confirmed","2023-10-04",6,15865,15865,4,0,0,15865,2,0,"no"),
(1165,2,4,"2023-11-04","2023-11-05","confirmed","2023-11-01",6,13570,9757,4,2260,0,15830,2,3814,"yes"),
(1146,2,4,"2024-02-24","2024-02-25","confirmed","2024-02-24",6,9757,9757,4,2800,0,12557,2,0,"no"),
(1155,2,2,"2023-02-25","2023-02-26","confirmed","2023-03-01",6,64687,4687,4,2190,0,6877,2,0,"no"),
(1065,2,4,"2023-01-19","2023-01-20","confirmed","2023-01-01",6,68000,4000,4,3710,0,15710,2,0,"no"),
(1197,1,7,"2023-02-21","2023-02-22","confirmed","2023-02-21",6,610000,5000,4,2900,0,12900,2,0,"no"),
(1116,2,4,"2023-08-23","2023-08-25","confirmed","2023-08-23",5,13000,5000,3,1315,0,14315,2,0,"no"),
(1101,1,5,"2024-09-07","2024-09-09","confirmed","2024-08-22",5,24000,12000,3,4060,0,28060,2,1920,"yes"),
(1199,1,7,"2024-11-01","2024-11-02","confirmed","2024-10-24",5,22000,8000,3,4000,0,26000,2,1760,"yes"),
(1172,1,6,"2024-11-09","2024-11-10","confirmed","2024-11-05",5,13400,7000,3,2275,0,15675,2,1072,"yes"),
(1143,2,3,"2025-01-25","2025-01-27","confirmed","2025-01-25",5,18000,9000,3,0,0,18000,2,1440,"yes"),
(1076,1,2,"2023-03-16","2023-03-17","confirmed","2023-03-16",6,8484,8484,3,3500,0,11984,2,0,"no"),
(1037,2,4,"2023-06-02","2023-06-04","confirmed","2023-06-02",6,16000,8000,3,3000,0,19000,2,0,"no"),
(1004,2,4,"2023-07-07","2023-07-09","confirmed","2023-07-07",6,16000,8000,3,0,0,21000,2,0,"no"),
(1260,1,4,"2023-08-26","2023-08-27","confirmed","2023-08-06",6,8500,4000,3,1850,0,10350,2,0,"no"),
(1129,2,5,"2023-12-09","2023-12-10","confirmed","2023-12-08",6,11750,6000,3,2300,0,14050,2,0,"no"),
(1155,2,3,"2023-12-24","2023-12-25","confirmed","2023-12-24",6,10000,3000,3,4300,0,14300,2,1000,"yes"),
(1083,3,2,"2024-03-10","2024-03-11","confirmed","2024-03-10",6,4000,4000,3,0,0,4000,2,0,"no"),
(1258,2,3,"2024-07-08","2024-07-10","confirmed","2024-07-07",6,16000,4000,3,2675,0,18675,2,1600,"yes"),
(1160,2,3,"2022-12-23","2022-12-24","confirmed","2022-12-08",6,67200,3200,3,1470,0,8670,2,0,"no"),
(1269,2,4,"2022-10-29","2022-10-31","confirmed","2022-10-25",6,616000,6000,3,4010,0,20010,2,0,"no"),
(1294,1,4,"2023-09-16","2023-09-17","confirmed","2023-09-16",5,10000,2000,2,1900,0,11900,2,1000,"yes"),
(1074,2,4,"2024-04-16","2024-04-17","confirmed","2024-04-01",5,10000,5000,2,1760,0,11760,2,0,"no"),
(1115,1,7,"2024-07-01","2024-07-02","confirmed","2024-06-28",5,16000,8000,2,5430,0,21430,2,1280,"yes"),
(1038,1,5,"2023-04-07","2023-04-09","confirmed","2023-03-31",6,20000,12000,2,6570,0,26570,2,0,"no"),
(1076,2,5,"2023-04-27","2023-04-28","confirmed","2023-04-26",6,8700,2200,2,0,0,8700,2,1500,"yes"),
(1224,1,4,"2023-05-20","2023-05-23","confirmed","2023-05-20",6,30000,20000,2,4370,0,34370,2,0,"no"),
(1116,2,3,"2023-06-14","2023-06-15","confirmed","2023-06-14",6,1650,1650,2,0,0,1650,2,0,"no"),
(1273,2,4,"2023-06-24","2023-06-26","confirmed","2023-06-24",6,16000,8000,2,0,0,20290,2,0,"no"),
(1065,2,4,"2023-07-17","2023-07-19","confirmed","2023-07-17",6,13000,6500,2,0,0,13880,2,0,"no"),
(1157,2,4,"2023-08-29","2023-08-30","confirmed","2023-08-29",6,10000,4000,2,1110,0,11110,2,1000,"yes"),
(1170,1,4,"2023-10-06","2023-10-07","confirmed","2023-10-06",6,10000,10000,2,0,0,10000,2,0,"no"),
(1213,1,4,"2024-01-17","2024-01-18","confirmed","2024-01-17",6,10000,4000,2,0,0,10000,2,1000,"yes"),
(1183,1,4,"2024-01-22","2024-01-23","confirmed","2024-01-09",6,12980,9332,2,1490,0,14470,2,3648,"yes"),
(1232,4,2,"2024-03-05","2024-03-07","confirmed","2024-03-05",6,10000,5000,2,3180,0,13180,2,0,"no"),
(1143,4,3,"2024-04-07","2024-04-09","confirmed","2024-04-07",6,9000,4500,2,0,0,9000,2,0,"no"),
(1166,3,3,"2024-11-09","2024-11-10","confirmed","2024-11-08",6,7200,7200,2,2060,0,9260,2,0,"no"),
(1016,1,3,"2024-01-16","2024-01-17","confirmed","2024-01-16",5,7500,7500,1,1150,0,8650,2,0,"no"),
(1028,1,5,"2024-01-18","2024-01-20","confirmed","2024-01-15",5,21000,10500,1,2245,0,23245,2,0,"no"),
(1104,4,4,"2024-01-26","2024-01-28","confirmed","2024-01-24",5,10000,4000,1,2255,0,12255,2,0,"no"),
(1142,1,5,"2024-06-04","2024-06-05","confirmed","2024-06-03",5,12725,5300,1,0,0,12725,2,1175,"yes"),
(1279,1,3,"2025-06-29","2025-07-01","confirmed","2025-06-29",5,14000,7000,1,1730,0,15730,2,1120,"yes"),
(1073,2,3,"2023-05-22","2023-05-23","confirmed","2023-05-22",6,6000,5515,1,1000,0,7000,2,0,"no"),
(1194,2,3,"2023-08-13","2023-08-15","confirmed","2023-08-06",6,16500,8250,1,0,0,18680,2,0,"no"),
(1234,3,2,"2024-05-29","2024-05-30","confirmed","2024-05-28",6,4000,4000,1,0,0,4000,2,0,"no"),
(1051,3,2,"2025-04-08","2025-04-10","confirmed","2025-04-08",6,8000,2000,1,0,0,8000,2,0,"no"),
(1153,1,7,"2025-06-15","2025-06-16","confirmed","2025-06-15",6,15000,11800,1,2990,0,17990,2,1500,"yes"),
(1195,1,5,"2023-02-11","2023-02-12","confirmed","2023-02-09",6,6110,5000,1,3700,0,14700,2,0,"no"),
(1106,1,7,"2022-12-27","2022-12-29","confirmed","2022-12-09",6,6270,10000,1,10000,0,37000,2,0,"no"),
(1124,2,3,"2024-03-01","2024-03-02","cancelled","2024-02-13",5,0,0,null,0,0,0,1,0,"no"),
(1251,2,3,"2024-08-15","2024-08-16","confirmed","2024-07-29",5,14500,0,null,2730,0,17230,1,1160,"yes"),
(1013,1,4,"2025-07-04","2025-07-06","confirmed","2025-07-04",5,14000,0,null,3460,0,17460,1,1120,"yes"),
(1239,1,2,"2023-05-16","2023-05-17","confirmed","2023-05-16",6,5500,0,null,0,0,6500,1,0,"no"),
(1132,3,2,"2024-04-08","2024-04-09","confirmed","2024-04-08",6,4500,0,null,0,0,4500,1,0,"no"),
(1169,2,4,"2024-06-13","2024-06-14","confirmed","2024-06-13",6,8000,0,null,740,0,8740,1,0,"no"),
(1096,3,2,"2024-06-21","2024-06-22","confirmed","2024-06-21",6,7124,0,null,1040,0,8164,1,2712,"yes"),
(1248,4,3,"2024-07-06","2024-07-07","confirmed","2024-07-06",6,14500,0,null,3215,0,17715,1,0,"no"),
(1202,3,3,"2024-08-10","2024-08-11","confirmed","2024-08-10",6,13000,0,null,1770,0,14770,1,0,"no"),
(1009,1,5,"2024-09-01","2024-09-02","confirmed","2024-09-01",6,8000,0,null,1410,0,9410,1,0,"no"),
(1249,4,2,"2024-09-07","2024-09-08","confirmed","2024-09-07",6,4997,0,null,500,0,5497,1,0,"no"),
(1083,4,2,"2024-09-28","2024-09-29","confirmed","2024-09-28",6,4000,0,null,1060,0,5060,1,0,"no"),
(1187,4,2,"2024-11-02","2024-11-03","confirmed","2024-10-25",6,4500,0,null,0,0,4500,1,0,"no"),
(1274,2,4,"2024-11-10","2024-11-11","confirmed","2024-11-10",6,9205,0,null,0,0,9205,1,0,"no"),
(1201,3,2,"2024-12-07","2024-12-08","confirmed","2024-11-14",6,4997,0,null,0,0,4997,1,0,"no"),
(1092,1,3,"2024-12-09","2024-12-10","confirmed","2024-12-09",6,4559,0,null,1150,0,5709,1,0,"no"),
(1098,4,2,"2024-12-27","2024-12-28","confirmed","2024-12-27",6,3256,0,null,0,0,3256,1,0,"no"),
(1161,2,4,"2025-03-22","2025-03-23","confirmed","2025-03-22",6,5444,0,null,0,0,5444,1,0,"no"),
(1145,1,4,"2025-03-23","2025-03-24","confirmed","2025-03-23",6,6246,0,null,0,0,6246,1,0,"no"),
(1252,2,2,"2025-04-01","2025-04-02","confirmed","2025-04-01",6,5548,0,null,660,0,6208,1,0,"no"),
(1171,1,2,"2025-04-21","2025-04-22","confirmed","2025-04-21",6,5444,0,null,0,0,5444,1,0,"no"),
(1045,1,5,"2025-05-06","2025-05-07","confirmed","2025-05-06",6,5444,0,null,950,0,6394,1,0,"no"),
(1204,4,2,"2025-05-30","2025-06-01","confirmed","2025-05-30",6,6806,0,null,2280,0,9086,1,0,"no"),
(1271,4,2,"2025-05-26","2025-05-27","confirmed","2025-05-26",6,3062,0,null,650,0,3712,1,0,"no"),
(1275,2,4,"2025-05-18","2025-05-19","confirmed","2025-05-18",6,5671,0,null,1420,0,7091,1,0,"no"),
(1014,1,4,"2025-06-06","2025-06-07","confirmed","2025-06-06",6,5444,0,null,2165,0,7609,1,0,"no"),
(1063,3,2,"2025-06-21","2025-06-22","confirmed","2025-06-21",6,3062,0,null,660,0,3722,1,0,"no"),
(1064,2,2,"2025-06-27","2025-06-28","confirmed","2025-06-27",6,4424,0,null,1080,0,5504,1,0,"no"),
(1163,4,2,"2025-07-12","2025-07-13","confirmed","2025-07-12",6,3062,0,null,590,0,3652,1,0,"no"),
(1046,4,5,"2024-09-14","2024-09-16","confirmed","2024-09-14",6,55692,0,null,0,0,0,1,0,"no"),
(1092,3,2,"2024-11-28","2024-11-30","confirmed","2024-11-28",6,56449,0,null,0,0,0,1,0,"no"),
(1057,4,5,"2024-05-26","2024-05-27","confirmed","2024-05-26",6,57394,0,null,0,0,0,1,0,"no"),
(1062,3,2,"2025-02-25","2025-02-26","cancelled","2025-02-25",6,58200,0,null,0,0,0,1,0,"no"),
(1248,2,4,"2024-02-15","2024-02-16","confirmed","2024-02-15",6,59189,0,null,0,0,0,1,0,"no"),
(1229,2,4,"2024-09-28","2024-09-29","cancelled","2024-09-24",6,59325,0,null,0,0,0,1,0,"no"),
(1176,3,2,"2025-08-03","2025-08-04","confirmed","2025-08-01",6,65000,0,null,0,0,0,1,0,"no"),
(1193,4,2,"2024-06-05","2024-06-06","confirmed","2024-06-05",6,66250,0,null,0,0,0,1,0,"no"),
(1024,3,2,"2025-03-14","2025-03-16","confirmed","2025-03-14",6,66673,0,null,0,0,0,1,0,"no"),
(1283,4,3,"2025-04-22","2025-04-23","confirmed","2025-04-22",6,67700,0,null,0,0,0,1,0,"no"),
(1163,2,4,"2025-04-22","2025-04-23","confirmed","2025-04-22",6,67858,0,null,0,0,0,1,0,"no"),
(1014,3,3,"2024-07-13","2024-07-14","confirmed","2024-07-13",6,68266,0,null,0,0,0,1,0,"no"),
(1070,4,2,"2025-06-09","2025-06-10","confirmed","2025-06-09",6,68281,0,null,0,0,0,1,0,"no"),
(1138,1,4,"2021-01-05","2021-01-06","cancelled","2021-01-05",6,68554,0,null,0,0,0,1,0,"no"),
(1167,1,4,"2023-12-30","2023-12-31","cancelled","2023-12-30",6,68567,0,null,0,0,0,1,0,"no"),
(1221,4,2,"2025-04-27","2025-04-29","confirmed","2025-04-27",6,68626,0,null,0,0,0,1,0,"no"),
(1089,2,4,"2024-05-02","2024-05-03","cancelled","2024-04-29",6,68801,0,null,0,0,0,1,1050,"yes"),
(1289,2,4,"2025-02-14","2025-02-16","cancelled","2025-02-14",6,69034,0,null,0,0,0,1,0,"no"),
(1041,2,4,"2024-06-24","2024-06-29","confirmed","2024-06-24",6,69644,0,null,0,0,0,1,0,"no"),
(1156,4,2,"2024-05-07","2024-05-08","confirmed","2024-05-07",6,510024,0,null,0,0,0,1,0,"no"),
(1269,3,4,"2024-08-24","2024-08-25","confirmed","2024-08-24",6,510276,0,null,0,0,0,1,0,"no"),
(1027,3,2,"2024-06-20","2024-06-21","confirmed","2024-06-20",6,510511,0,null,0,0,0,1,0,"no"),
(1001,4,2,"2024-07-19","2024-07-21","confirmed","2024-07-19",6,510888,0,null,0,0,0,1,0,"no"),
(1229,4,4,"2024-08-03","2024-08-04","confirmed","2024-08-01",6,511184,0,null,0,0,0,1,0,"no"),
(1117,4,2,"2025-05-08","2025-05-10","confirmed","2025-05-08",6,511237,0,null,0,0,0,1,0,"no"),
(1295,4,2,"2025-03-27","2025-03-31","confirmed","2025-03-27",6,610057,0,null,4000,0,4000,1,0,"no"),
(1072,2,5,"2023-07-28","2023-07-29","confirmed","2023-07-28",5,11600,2840,5,4000,0,15600,1,1160,"yes"),
(1236,2,4,"2024-01-27","2024-01-29","confirmed","2024-01-26",5,19000,9500,5,4350,1000,24350,1,0,"no"),
(1051,2,2,"2024-05-08","2024-05-10","confirmed","2024-05-06",5,13000,5000,5,2620,0,15620,1,0,"no"),
(1075,2,4,"2024-06-15","2024-06-16","confirmed","2024-06-15",5,10000,3000,5,1110,0,11110,1,0,"no"),
(1252,1,8,"2024-06-20","2024-06-21","confirmed","2024-06-20",5,15000,5000,5,3150,0,18150,1,0,"no"),
(1047,1,3,"2023-06-05","2023-06-06","confirmed","2023-06-05",6,9000,7000,5,0,0,10760,1,0,"no"),
(1030,1,2,"2023-06-29","2023-07-01","confirmed","2023-06-29",6,23500,14150,5,0,0,23500,1,2350,"yes"),
(1093,2,4,"2023-08-15","2023-08-16","confirmed","2023-08-15",6,11000,1900,5,0,0,12860,1,1100,"yes"),
(1207,2,4,"2024-05-01","2024-05-02","confirmed","2024-04-28",6,12774,9020,5,2080,0,14854,1,3754,"yes"),
(1091,1,4,"2024-05-15","2024-05-16","confirmed","2024-04-27",6,10500,3000,5,2200,0,12700,1,1050,"yes"),
(1145,3,3,"2024-05-31","2024-06-02","confirmed","2024-05-20",6,12558,5000,5,0,0,12558,1,0,"no"),
(1186,1,5,"2023-02-26","2023-02-27","confirmed","2023-02-26",6,68500,4000,5,1460,0,9960,1,0,"no"),
(1291,2,4,"2023-07-16","2023-07-17","cancelled","2023-07-16",5,5000,5000,4,1300,0,6300,1,0,"no"),
(1236,4,2,"2024-03-08","2024-03-09","confirmed","2024-03-08",5,4000,4000,4,0,0,4000,1,0,"no"),
(1023,1,4,"2024-10-12","2024-10-14","confirmed","2024-10-11",5,20000,5000,4,2000,0,22000,1,1600,"yes"),
(1272,1,6,"2025-06-13","2025-06-15","confirmed","2025-06-13",5,19200,5000,4,0,0,19200,1,1536,"yes"),
(1083,1,4,"2023-04-02","2023-04-03","confirmed","2023-04-02",6,10000,5000,4,0,0,11360,1,0,"no"),
(1125,1,5,"2023-05-14","2023-05-15","confirmed","2023-05-14",6,10500,2500,4,2220,0,12720,1,1050,"yes"),
(1089,1,4,"2024-01-09","2024-01-10","confirmed","2024-01-07",6,10000,5000,4,0,0,10000,1,11750,"yes"),
(1193,2,4,"2024-12-28","2024-12-30","confirmed","2024-11-17",6,10000,4000,4,0,0,10000,1,0,"no"),
(1139,2,2,"2023-02-27","2023-03-01","confirmed","2023-02-13",6,614000,7000,4,0,0,14000,1,0,"no"),
(1257,2,5,"2023-09-29","2023-09-30","confirmed","2023-09-29",5,13000,3500,3,2765,0,15765,1,0,"no"),
(1071,1,5,"2024-03-16","2024-03-18","confirmed","2024-03-05",5,22000,10000,3,5690,1000,28690,1,0,"no"),
(1141,2,3,"2024-04-18","2024-04-20","confirmed","2024-04-17",5,18000,9000,3,1560,0,19560,1,0,"no"),
(1266,4,3,"2024-04-19","2024-04-21","confirmed","2024-04-12",5,11000,5500,3,0,0,11000,1,0,"no"),
(1173,1,4,"2024-06-21","2024-06-23","confirmed","2024-06-18",5,21000,10500,3,3745,0,24745,1,0,"no"),
(1032,1,5,"2023-06-24","2023-06-26","confirmed","2023-06-24",6,20000,10000,3,0,0,27030,1,0,"no"),
(1075,2,2,"2023-07-14","2023-07-16","confirmed","2023-07-02",6,13000,6500,3,0,0,13700,1,0,"no"),
(1085,1,5,"2023-07-29","2023-07-30","confirmed","2023-07-29",6,11750,5875,3,3125,0,14875,1,1175,"yes"),
(1081,2,5,"2023-08-30","2023-08-31","confirmed","2023-08-30",6,10000,3000,3,1775,0,11775,1,1000,"yes"),
(1054,1,5,"2023-11-10","2023-11-11","confirmed","2023-11-10",6,11750,6000,3,3250,0,15000,1,0,"no"),
(1223,1,2,"2023-11-28","2023-11-29","confirmed","2023-11-28",6,8000,8000,3,0,0,8000,1,0,"no"),
(1030,1,5,"2024-03-26","2024-03-28","confirmed","2024-03-26",6,23000,17250,3,4150,1000,28150,1,2300,"yes"),
(1063,1,2,"2024-06-13","2024-06-14","confirmed","2024-06-13",6,8500,4000,3,1010,0,9510,1,1300,"yes"),
(1115,2,4,"2023-01-14","2023-01-16","confirmed","2023-01-11",6,620000,10000,3,2480,0,22480,1,0,"no"),
(1251,4,3,"2024-01-17","2024-01-18","confirmed","2024-01-17",5,4500,4500,2,0,0,4500,1,0,"no"),
(1191,2,3,"2024-04-28","2024-04-30","confirmed","2024-04-12",5,18300,9300,2,2460,0,20760,1,0,"no"),
(1010,2,9,"2024-09-02","2024-09-03","confirmed","2024-08-25",5,19500,9000,2,5095,1000,25595,1,1560,"yes"),
(1233,1,3,"2023-04-15","2023-04-16","confirmed","2023-04-15",6,12000,6500,2,1500,0,13500,1,0,"no"),
(1233,2,3,"2023-05-06","2023-05-07","confirmed","2023-04-26",6,10600,2000,2,0,0,10600,1,1600,"yes"),
(1106,1,6,"2023-05-10","2023-05-11","confirmed","2023-04-21",6,13000,6500,2,1555,0,14555,1,1300,"yes"),
(1096,2,5,"2023-05-15","2023-05-17","confirmed","2023-05-15",6,11029,11029,2,1730,0,12759,1,0,"no"),
(1150,2,5,"2023-06-11","2023-06-12","confirmed","2023-06-11",6,10000,3000,2,2000,0,12000,1,2000,"yes"),
(1225,2,4,"2023-09-01","2023-09-04","confirmed","2023-08-27",6,38000,28130,2,2295,0,40295,1,9870,"yes"),
(1270,2,4,"2023-10-01","2023-10-02","confirmed","2023-10-01",6,10000,2000,2,1545,0,11545,1,1000,"yes"),
(1027,1,5,"2024-01-26","2024-01-27","confirmed","2024-01-22",6,12980,9332,2,2850,0,15830,1,3648,"yes"),
(1025,3,1,"2024-03-21","2024-03-22","confirmed","2024-03-21",6,4000,4000,2,0,0,4000,1,0,"no"),
(1274,1,7,"2024-07-13","2024-07-14","confirmed","2024-07-02",6,24700,10000,2,7080,0,31780,1,2400,"yes"),
(1150,1,4,"2022-10-22","2022-10-24","confirmed","2022-10-22",6,65888,5888,2,0,0,5888,1,0,"no"),
(1183,2,2,"2022-12-19","2022-12-21","confirmed","2022-12-15",6,612000,3700,2,2000,0,14000,1,0,"no"),
(1269,2,4,"2023-09-11","2023-09-12","confirmed","2023-09-11",5,16000,6000,1,3070,0,19070,1,0,"no"),
(1159,2,4,"2024-05-30","2024-06-01","confirmed","2024-05-22",5,17500,3000,1,2315,0,19815,1,0,"no"),
(1227,3,3,"2024-12-21","2024-12-23","confirmed","2024-12-21",5,18000,9000,1,1260,0,19260,1,1440,"yes"),
(1123,1,4,"2024-12-27","2024-12-29","confirmed","2024-11-15",5,20000,10000,1,0,0,20000,1,1600,"yes"),
(1054,2,2,"2025-04-18","2025-04-21","confirmed","2025-04-18",5,17000,5000,1,2050,0,19050,1,1360,"yes"),
(1146,1,5,"2023-04-28","2023-04-29","confirmed","2023-04-28",6,11000,2000,1,1700,0,12700,1,0,"no"),
(1063,2,2,"2024-04-07","2024-04-08","confirmed","2024-04-07",6,6000,5000,1,1725,0,7725,1,0,"no"),
(1000,1,2,"2024-06-29","2024-06-30","confirmed","2024-06-29",6,22000,6000,1,1550,0,23550,1,4000,"yes"),
(1247,1,2,"2025-04-26","2025-04-27","confirmed","2025-04-26",6,26000,2000,1,5115,0,31115,1,0,"no"),
